/* 生成的字体点阵数据 扫描方式：逐行扫描  取模走向：低位在前 */

/* 字符编码格式：GB2312，查找字符对应的点阵数据参考代码如下:
int FindFontIndex(const unsigned char *target)
{
    int i;
    // 遍历索引表
    for (i = 0; i < (sizeof(g_font_dot_matrix_16_index) / sizeof(g_font_dot_matrix_16_index[0])); i++)
    {
        // 匹配汉字或ASC
        // ASC字宽1个字节，值范围（0x00~0x7F）
        // 汉字字宽为2个字节，第一字节（0xA1~0xF7）,第二字节（0xA1~0xFE）
        if (strncmp(g_font_dot_matrix_16_index[i], target, (target[0] > 0x7F) ? 2 : 1) == 0)
        {
            // 返回索引值
            return i;
        }
    }
    // 没有找到
    return -1;
}


// 字符编码格式：UTF-8，查找字符对应的点阵数据参考代码如下:
// 获取UTF-8字符字节长度
int GetUtf8CharLength(const unsigned char *target)
{
    if (target[0] <= 0x7F) {
        // 单字节UTF-8字符 (0xxxxxxx)
        return 1;
    } else if ((target[0] >= 0xC2 && target[0] <= 0xDF) && (target[1] & 0xC0) == 0x80) {
        // 双字节UTF-8字符 (110xxxxx 10xxxxxx)
        return 2;
    } else if ((target[0] >= 0xE0 && target[0] <= 0xEF) && (target[1] & 0xC0) == 0x80 && (target[2] & 0xC0) == 0x80) {
        // 三字节UTF-8字符 (1110xxxx 10xxxxxx 10xxxxxx)
        return 3;
    } else if ((target[0] >= 0xF0 && target[0] <= 0xF7) && (target[1] & 0xC0) == 0x80 && (target[2] & 0xC0) == 0x80 && (target[3] & 0xC0) == 0x80) {
        // 四字节UTF-8字符 (11110xxx 10xxxxxx 10xxxxxx 10xxxxxx)
        return 4;
    }
    // 默认单字节
    return 1;
}

int FindFontIndex(const char *target)
{
    int i;
    int charLen = GetUtf8CharLength(target); // 获取字符长度
    
    // 遍历索引表
    for (i = 0; i < (sizeof(g_font_dot_matrix_16_index) / sizeof(g_font_dot_matrix_16_index[0])); i++)
    {
        // 根据字符长度匹配
        if (strncmp(g_font_dot_matrix_16_index[i], target, charLen) == 0)
        {
            // 返回索引值
            return i;
        }
    }
    // 没有找到
    return -1;
}

// 示例用法
const char *target = "中";
int index = FindFontIndex(target);
if (index != -1)
{
    const unsigned char *dotMatrix = g_font_dot_matrix_16[index];
    // 使用 dotMatrix 进行渲染或其他用途
}
*/
const char* g_font_dot_matrix_32_index[143] = {

" ", "!", "\"", "#", "$", "%", "&", "'", "(", ")", "*", "+", ",", "-", ".", "/",
"0", "1", "2", "3", "4", "5", "6", "7", "8", "9", ":", ";", "<", "=", ">", "?",
"@", "A", "B", "C", "D", "E", "F", "G", "H", "I", "J", "K", "L", "M", "N", "O",
"P", "Q", "R", "S", "T", "U", "V", "W", "X", "Y", "Z", "[", "\\", "]", "^", "_",
"`", "a", "b", "c", "d", "e", "f", "g", "h", "i", "j", "k", "l", "m", "n", "o",
"p", "q", "r", "s", "t", "u", "v", "w", "x", "y", "z", "{", "|", "}", "~", "，",
"。", "、", "；", "：", "！", "？", "「", "」", "『", "』", "（", "）", "《", "》", "【", "】",
"｛", "｝", "［", "］", "〖", "〗", "·", "…", "—", "～", "｜", "／", "＼", "＊", "＃", "＆",
"％", "＠", "※", "§", "¶", "†", "‡", "〃", "々", "〆", "〇", "粤", "嵌", "科", "技",
};

const char g_font_dot_matrix_32[143][128] = {

/* " ", 0 */
{
  0x00, 0x00, 0x00, 0x00, 0x00, 0x00, 0x00, 0x00, 0x00, 0x00, 0x00, 0x00, 0x00, 0x00, 0x00, 0x00, 
  0x00, 0x00, 0x00, 0x00, 0x00, 0x00, 0x00, 0x00, 0x00, 0x00, 0x00, 0x00, 0x00, 0x00, 0x00, 0x00, 
  0x00, 0x00, 0x00, 0x00, 0x00, 0x00, 0x00, 0x00, 0x00, 0x00, 0x00, 0x00, 0x00, 0x00, 0x00, 0x00, 
  0x00, 0x00, 0x00, 0x00, 0x00, 0x00, 0x00, 0x00, 0x00, 0x00, 0x00, 0x00, 0x00, 0x00, 0x00, 0x00, 
  0x00, 0x00, 0x00, 0x00, 0x00, 0x00, 0x00, 0x00, 0x00, 0x00, 0x00, 0x00, 0x00, 0x00, 0x00, 0x00, 
  0x00, 0x00, 0x00, 0x00, 0x00, 0x00, 0x00, 0x00, 0x00, 0x00, 0x00, 0x00, 0x00, 0x00, 0x00, 0x00, 
  0x00, 0x00, 0x00, 0x00, 0x00, 0x00, 0x00, 0x00, 0x00, 0x00, 0x00, 0x00, 0x00, 0x00, 0x00, 0x00, 
  0x00, 0x00, 0x00, 0x00, 0x00, 0x00, 0x00, 0x00, 0x00, 0x00, 0x00, 0x00, 0x00, 0x00, 0x00, 0x00, 
},
/* "!", 1 */
{
  0x00, 0x00, 0x00, 0x00, 0x00, 0x00, 0x00, 0x00, 0x00, 0x00, 0x00, 0x00, 0x00, 0x00, 0x00, 0x00, 
  0xC0, 0x01, 0x00, 0x00, 0xC0, 0x01, 0x00, 0x00, 0xC0, 0x01, 0x00, 0x00, 0xC0, 0x01, 0x00, 0x00, 
  0xC0, 0x01, 0x00, 0x00, 0xC0, 0x01, 0x00, 0x00, 0xC0, 0x01, 0x00, 0x00, 0xC0, 0x01, 0x00, 0x00, 
  0xC0, 0x01, 0x00, 0x00, 0xC0, 0x01, 0x00, 0x00, 0xC0, 0x01, 0x00, 0x00, 0xC0, 0x01, 0x00, 0x00, 
  0xC0, 0x01, 0x00, 0x00, 0x80, 0x01, 0x00, 0x00, 0x80, 0x01, 0x00, 0x00, 0x80, 0x01, 0x00, 0x00, 
  0x80, 0x01, 0x00, 0x00, 0x00, 0x00, 0x00, 0x00, 0x00, 0x00, 0x00, 0x00, 0xC0, 0x01, 0x00, 0x00, 
  0xC0, 0x03, 0x00, 0x00, 0xC0, 0x03, 0x00, 0x00, 0x80, 0x01, 0x00, 0x00, 0x00, 0x00, 0x00, 0x00, 
  0x00, 0x00, 0x00, 0x00, 0x00, 0x00, 0x00, 0x00, 0x00, 0x00, 0x00, 0x00, 0x00, 0x00, 0x00, 0x00, 
},
/* """, 2 */
{
  0x00, 0x00, 0x00, 0x00, 0x00, 0x00, 0x00, 0x00, 0x00, 0x00, 0x00, 0x00, 0x00, 0x00, 0x00, 0x00, 
  0x00, 0x00, 0x00, 0x00, 0x70, 0x0E, 0x00, 0x00, 0x70, 0x06, 0x00, 0x00, 0x30, 0x06, 0x00, 0x00, 
  0x30, 0x06, 0x00, 0x00, 0x30, 0x06, 0x00, 0x00, 0x30, 0x06, 0x00, 0x00, 0x00, 0x00, 0x00, 0x00, 
  0x00, 0x00, 0x00, 0x00, 0x00, 0x00, 0x00, 0x00, 0x00, 0x00, 0x00, 0x00, 0x00, 0x00, 0x00, 0x00, 
  0x00, 0x00, 0x00, 0x00, 0x00, 0x00, 0x00, 0x00, 0x00, 0x00, 0x00, 0x00, 0x00, 0x00, 0x00, 0x00, 
  0x00, 0x00, 0x00, 0x00, 0x00, 0x00, 0x00, 0x00, 0x00, 0x00, 0x00, 0x00, 0x00, 0x00, 0x00, 0x00, 
  0x00, 0x00, 0x00, 0x00, 0x00, 0x00, 0x00, 0x00, 0x00, 0x00, 0x00, 0x00, 0x00, 0x00, 0x00, 0x00, 
  0x00, 0x00, 0x00, 0x00, 0x00, 0x00, 0x00, 0x00, 0x00, 0x00, 0x00, 0x00, 0x00, 0x00, 0x00, 0x00, 
},
/* "#", 3 */
{
  0x00, 0x00, 0x00, 0x00, 0x00, 0x00, 0x00, 0x00, 0x00, 0x00, 0x00, 0x00, 0x00, 0x00, 0x00, 0x00, 
  0x00, 0x00, 0x00, 0x00, 0x00, 0x00, 0x00, 0x00, 0x60, 0x18, 0x00, 0x00, 0x60, 0x18, 0x00, 0x00, 
  0x60, 0x08, 0x00, 0x00, 0x30, 0x0C, 0x00, 0x00, 0x30, 0x0C, 0x00, 0x00, 0xFE, 0x7F, 0x00, 0x00, 
  0xFE, 0x7F, 0x00, 0x00, 0x30, 0x0C, 0x00, 0x00, 0x30, 0x0C, 0x00, 0x00, 0x30, 0x0C, 0x00, 0x00, 
  0x10, 0x06, 0x00, 0x00, 0x18, 0x06, 0x00, 0x00, 0x18, 0x06, 0x00, 0x00, 0xFE, 0x7F, 0x00, 0x00, 
  0xFE, 0x7F, 0x00, 0x00, 0x18, 0x06, 0x00, 0x00, 0x18, 0x06, 0x00, 0x00, 0x18, 0x06, 0x00, 0x00, 
  0x08, 0x03, 0x00, 0x00, 0x0C, 0x03, 0x00, 0x00, 0x00, 0x00, 0x00, 0x00, 0x00, 0x00, 0x00, 0x00, 
  0x00, 0x00, 0x00, 0x00, 0x00, 0x00, 0x00, 0x00, 0x00, 0x00, 0x00, 0x00, 0x00, 0x00, 0x00, 0x00, 
},
/* "$", 4 */
{
  0x00, 0x00, 0x00, 0x00, 0x00, 0x00, 0x00, 0x00, 0x00, 0x00, 0x00, 0x00, 0x80, 0x00, 0x00, 0x00, 
  0x80, 0x00, 0x00, 0x00, 0xC0, 0x01, 0x00, 0x00, 0xF0, 0x07, 0x00, 0x00, 0xF8, 0x0F, 0x00, 0x00, 
  0x9C, 0x0C, 0x00, 0x00, 0x9C, 0x1C, 0x00, 0x00, 0x9C, 0x1C, 0x00, 0x00, 0x9C, 0x00, 0x00, 0x00, 
  0x9C, 0x00, 0x00, 0x00, 0xF8, 0x00, 0x00, 0x00, 0xF0, 0x00, 0x00, 0x00, 0xE0, 0x03, 0x00, 0x00, 
  0x80, 0x07, 0x00, 0x00, 0x80, 0x0F, 0x00, 0x00, 0x80, 0x1C, 0x00, 0x00, 0x80, 0x1C, 0x00, 0x00, 
  0x8C, 0x1C, 0x00, 0x00, 0x8C, 0x18, 0x00, 0x00, 0x9C, 0x1C, 0x00, 0x00, 0x9C, 0x1C, 0x00, 0x00, 
  0xF8, 0x0F, 0x00, 0x00, 0xF0, 0x07, 0x00, 0x00, 0xC0, 0x01, 0x00, 0x00, 0x80, 0x00, 0x00, 0x00, 
  0x80, 0x00, 0x00, 0x00, 0x80, 0x00, 0x00, 0x00, 0x00, 0x00, 0x00, 0x00, 0x00, 0x00, 0x00, 0x00, 
},
/* "%", 5 */
{
  0x00, 0x00, 0x00, 0x00, 0x00, 0x00, 0x00, 0x00, 0x00, 0x00, 0x00, 0x00, 0x00, 0x00, 0x00, 0x00, 
  0x00, 0x00, 0x00, 0x00, 0x08, 0x00, 0x00, 0x00, 0x3C, 0x08, 0x00, 0x00, 0x36, 0x08, 0x00, 0x00, 
  0x66, 0x0C, 0x00, 0x00, 0x66, 0x04, 0x00, 0x00, 0x66, 0x06, 0x00, 0x00, 0x66, 0x02, 0x00, 0x00, 
  0x66, 0x02, 0x00, 0x00, 0x66, 0x01, 0x00, 0x00, 0x3E, 0x01, 0x00, 0x00, 0xBC, 0x00, 0x00, 0x00, 
  0x80, 0x1C, 0x00, 0x00, 0x40, 0x3E, 0x00, 0x00, 0x40, 0x32, 0x00, 0x00, 0x60, 0x33, 0x00, 0x00, 
  0x20, 0x33, 0x00, 0x00, 0x20, 0x33, 0x00, 0x00, 0x10, 0x33, 0x00, 0x00, 0x10, 0x32, 0x00, 0x00, 
  0x08, 0x36, 0x00, 0x00, 0x08, 0x3E, 0x00, 0x00, 0x00, 0x08, 0x00, 0x00, 0x00, 0x00, 0x00, 0x00, 
  0x00, 0x00, 0x00, 0x00, 0x00, 0x00, 0x00, 0x00, 0x00, 0x00, 0x00, 0x00, 0x00, 0x00, 0x00, 0x00, 
},
/* "&", 6 */
{
  0x00, 0x00, 0x00, 0x00, 0x00, 0x00, 0x00, 0x00, 0x00, 0x00, 0x00, 0x00, 0x00, 0x00, 0x00, 0x00, 
  0x00, 0x00, 0x00, 0x00, 0xC0, 0x00, 0x00, 0x00, 0xF0, 0x03, 0x00, 0x00, 0xF0, 0x07, 0x00, 0x00, 
  0x38, 0x06, 0x00, 0x00, 0x18, 0x06, 0x00, 0x00, 0x18, 0x06, 0x00, 0x00, 0x18, 0x07, 0x00, 0x00, 
  0x38, 0x03, 0x00, 0x00, 0xF0, 0x01, 0x00, 0x00, 0xF0, 0x00, 0x00, 0x00, 0x70, 0x00, 0x00, 0x00, 
  0xF8, 0x00, 0x00, 0x00, 0xEC, 0x38, 0x00, 0x00, 0xCE, 0x39, 0x00, 0x00, 0x86, 0x3B, 0x00, 0x00, 
  0x86, 0x1B, 0x00, 0x00, 0x06, 0x1F, 0x00, 0x00, 0x0E, 0x1E, 0x00, 0x00, 0x0E, 0x3E, 0x00, 0x00, 
  0xFC, 0x7F, 0x00, 0x00, 0xF8, 0x33, 0x00, 0x00, 0xE0, 0x00, 0x00, 0x00, 0x00, 0x00, 0x00, 0x00, 
  0x00, 0x00, 0x00, 0x00, 0x00, 0x00, 0x00, 0x00, 0x00, 0x00, 0x00, 0x00, 0x00, 0x00, 0x00, 0x00, 
},
/* "'", 7 */
{
  0x00, 0x00, 0x00, 0x00, 0x00, 0x00, 0x00, 0x00, 0x00, 0x00, 0x00, 0x00, 0x00, 0x00, 0x00, 0x00, 
  0x00, 0x00, 0x00, 0x00, 0xE0, 0x00, 0x00, 0x00, 0xE0, 0x00, 0x00, 0x00, 0xC0, 0x00, 0x00, 0x00, 
  0xC0, 0x00, 0x00, 0x00, 0xC0, 0x00, 0x00, 0x00, 0xC0, 0x00, 0x00, 0x00, 0xC0, 0x00, 0x00, 0x00, 
  0x00, 0x00, 0x00, 0x00, 0x00, 0x00, 0x00, 0x00, 0x00, 0x00, 0x00, 0x00, 0x00, 0x00, 0x00, 0x00, 
  0x00, 0x00, 0x00, 0x00, 0x00, 0x00, 0x00, 0x00, 0x00, 0x00, 0x00, 0x00, 0x00, 0x00, 0x00, 0x00, 
  0x00, 0x00, 0x00, 0x00, 0x00, 0x00, 0x00, 0x00, 0x00, 0x00, 0x00, 0x00, 0x00, 0x00, 0x00, 0x00, 
  0x00, 0x00, 0x00, 0x00, 0x00, 0x00, 0x00, 0x00, 0x00, 0x00, 0x00, 0x00, 0x00, 0x00, 0x00, 0x00, 
  0x00, 0x00, 0x00, 0x00, 0x00, 0x00, 0x00, 0x00, 0x00, 0x00, 0x00, 0x00, 0x00, 0x00, 0x00, 0x00, 
},
/* "(", 8 */
{
  0x00, 0x00, 0x00, 0x00, 0x00, 0x00, 0x00, 0x00, 0x00, 0x00, 0x00, 0x00, 0x00, 0x30, 0x00, 0x00, 
  0x00, 0x38, 0x00, 0x00, 0x00, 0x18, 0x00, 0x00, 0x00, 0x0C, 0x00, 0x00, 0x00, 0x06, 0x00, 0x00, 
  0x00, 0x06, 0x00, 0x00, 0x00, 0x03, 0x00, 0x00, 0x00, 0x03, 0x00, 0x00, 0x00, 0x01, 0x00, 0x00, 
  0x80, 0x01, 0x00, 0x00, 0x80, 0x01, 0x00, 0x00, 0x80, 0x01, 0x00, 0x00, 0x80, 0x01, 0x00, 0x00, 
  0x80, 0x01, 0x00, 0x00, 0x80, 0x01, 0x00, 0x00, 0x80, 0x01, 0x00, 0x00, 0x80, 0x01, 0x00, 0x00, 
  0x00, 0x01, 0x00, 0x00, 0x00, 0x03, 0x00, 0x00, 0x00, 0x03, 0x00, 0x00, 0x00, 0x06, 0x00, 0x00, 
  0x00, 0x06, 0x00, 0x00, 0x00, 0x0C, 0x00, 0x00, 0x00, 0x18, 0x00, 0x00, 0x00, 0x38, 0x00, 0x00, 
  0x00, 0x30, 0x00, 0x00, 0x00, 0x00, 0x00, 0x00, 0x00, 0x00, 0x00, 0x00, 0x00, 0x00, 0x00, 0x00, 
},
/* ")", 9 */
{
  0x00, 0x00, 0x00, 0x00, 0x00, 0x00, 0x00, 0x00, 0x00, 0x00, 0x00, 0x00, 0x06, 0x00, 0x00, 0x00, 
  0x0E, 0x00, 0x00, 0x00, 0x0C, 0x00, 0x00, 0x00, 0x18, 0x00, 0x00, 0x00, 0x30, 0x00, 0x00, 0x00, 
  0x30, 0x00, 0x00, 0x00, 0x60, 0x00, 0x00, 0x00, 0x60, 0x00, 0x00, 0x00, 0xC0, 0x00, 0x00, 0x00, 
  0xC0, 0x00, 0x00, 0x00, 0xC0, 0x00, 0x00, 0x00, 0xC0, 0x00, 0x00, 0x00, 0xC0, 0x00, 0x00, 0x00, 
  0xC0, 0x00, 0x00, 0x00, 0xC0, 0x00, 0x00, 0x00, 0xC0, 0x00, 0x00, 0x00, 0xC0, 0x00, 0x00, 0x00, 
  0xC0, 0x00, 0x00, 0x00, 0x60, 0x00, 0x00, 0x00, 0x60, 0x00, 0x00, 0x00, 0x30, 0x00, 0x00, 0x00, 
  0x30, 0x00, 0x00, 0x00, 0x18, 0x00, 0x00, 0x00, 0x1C, 0x00, 0x00, 0x00, 0x0E, 0x00, 0x00, 0x00, 
  0x06, 0x00, 0x00, 0x00, 0x00, 0x00, 0x00, 0x00, 0x00, 0x00, 0x00, 0x00, 0x00, 0x00, 0x00, 0x00, 
},
/* "*", 10 */
{
  0x00, 0x00, 0x00, 0x00, 0x00, 0x00, 0x00, 0x00, 0x00, 0x00, 0x00, 0x00, 0x00, 0x00, 0x00, 0x00, 
  0x00, 0x00, 0x00, 0x00, 0x80, 0x01, 0x00, 0x00, 0x80, 0x01, 0x00, 0x00, 0x80, 0x01, 0x00, 0x00, 
  0x80, 0x21, 0x00, 0x00, 0x8E, 0x39, 0x00, 0x00, 0xBE, 0x3D, 0x00, 0x00, 0xF8, 0x1F, 0x00, 0x00, 
  0xE0, 0x07, 0x00, 0x00, 0xE0, 0x07, 0x00, 0x00, 0xF8, 0x1F, 0x00, 0x00, 0x9E, 0x7D, 0x00, 0x00, 
  0x8E, 0x31, 0x00, 0x00, 0x80, 0x21, 0x00, 0x00, 0x80, 0x01, 0x00, 0x00, 0x80, 0x01, 0x00, 0x00, 
  0x80, 0x01, 0x00, 0x00, 0x00, 0x00, 0x00, 0x00, 0x00, 0x00, 0x00, 0x00, 0x00, 0x00, 0x00, 0x00, 
  0x00, 0x00, 0x00, 0x00, 0x00, 0x00, 0x00, 0x00, 0x00, 0x00, 0x00, 0x00, 0x00, 0x00, 0x00, 0x00, 
  0x00, 0x00, 0x00, 0x00, 0x00, 0x00, 0x00, 0x00, 0x00, 0x00, 0x00, 0x00, 0x00, 0x00, 0x00, 0x00, 
},
/* "+", 11 */
{
  0x00, 0x00, 0x00, 0x00, 0x00, 0x00, 0x00, 0x00, 0x00, 0x00, 0x00, 0x00, 0x00, 0x00, 0x00, 0x00, 
  0x00, 0x00, 0x00, 0x00, 0x00, 0x00, 0x00, 0x00, 0x00, 0x00, 0x00, 0x00, 0x00, 0x00, 0x00, 0x00, 
  0x00, 0x00, 0x00, 0x00, 0x80, 0x01, 0x00, 0x00, 0x80, 0x01, 0x00, 0x00, 0x80, 0x01, 0x00, 0x00, 
  0x80, 0x01, 0x00, 0x00, 0x80, 0x01, 0x00, 0x00, 0x80, 0x01, 0x00, 0x00, 0xFE, 0x7F, 0x00, 0x00, 
  0xFE, 0x7F, 0x00, 0x00, 0x80, 0x01, 0x00, 0x00, 0x80, 0x01, 0x00, 0x00, 0x80, 0x01, 0x00, 0x00, 
  0x80, 0x01, 0x00, 0x00, 0x80, 0x01, 0x00, 0x00, 0x80, 0x01, 0x00, 0x00, 0x00, 0x00, 0x00, 0x00, 
  0x00, 0x00, 0x00, 0x00, 0x00, 0x00, 0x00, 0x00, 0x00, 0x00, 0x00, 0x00, 0x00, 0x00, 0x00, 0x00, 
  0x00, 0x00, 0x00, 0x00, 0x00, 0x00, 0x00, 0x00, 0x00, 0x00, 0x00, 0x00, 0x00, 0x00, 0x00, 0x00, 
},
/* ",", 12 */
{
  0x00, 0x00, 0x00, 0x00, 0x00, 0x00, 0x00, 0x00, 0x00, 0x00, 0x00, 0x00, 0x00, 0x00, 0x00, 0x00, 
  0x00, 0x00, 0x00, 0x00, 0x00, 0x00, 0x00, 0x00, 0x00, 0x00, 0x00, 0x00, 0x00, 0x00, 0x00, 0x00, 
  0x00, 0x00, 0x00, 0x00, 0x00, 0x00, 0x00, 0x00, 0x00, 0x00, 0x00, 0x00, 0x00, 0x00, 0x00, 0x00, 
  0x00, 0x00, 0x00, 0x00, 0x00, 0x00, 0x00, 0x00, 0x00, 0x00, 0x00, 0x00, 0x00, 0x00, 0x00, 0x00, 
  0x00, 0x00, 0x00, 0x00, 0x00, 0x00, 0x00, 0x00, 0x00, 0x00, 0x00, 0x00, 0x00, 0x00, 0x00, 0x00, 
  0x00, 0x00, 0x00, 0x00, 0x00, 0x00, 0x00, 0x00, 0x00, 0x00, 0x00, 0x00, 0x38, 0x00, 0x00, 0x00, 
  0x3C, 0x00, 0x00, 0x00, 0x3C, 0x00, 0x00, 0x00, 0x38, 0x00, 0x00, 0x00, 0x30, 0x00, 0x00, 0x00, 
  0x10, 0x00, 0x00, 0x00, 0x18, 0x00, 0x00, 0x00, 0x04, 0x00, 0x00, 0x00, 0x00, 0x00, 0x00, 0x00, 
},
/* "-", 13 */
{
  0x00, 0x00, 0x00, 0x00, 0x00, 0x00, 0x00, 0x00, 0x00, 0x00, 0x00, 0x00, 0x00, 0x00, 0x00, 0x00, 
  0x00, 0x00, 0x00, 0x00, 0x00, 0x00, 0x00, 0x00, 0x00, 0x00, 0x00, 0x00, 0x00, 0x00, 0x00, 0x00, 
  0x00, 0x00, 0x00, 0x00, 0x00, 0x00, 0x00, 0x00, 0x00, 0x00, 0x00, 0x00, 0x00, 0x00, 0x00, 0x00, 
  0x00, 0x00, 0x00, 0x00, 0x00, 0x00, 0x00, 0x00, 0x00, 0x00, 0x00, 0x00, 0xFE, 0x3F, 0x00, 0x00, 
  0xFE, 0x3F, 0x00, 0x00, 0x00, 0x00, 0x00, 0x00, 0x00, 0x00, 0x00, 0x00, 0x00, 0x00, 0x00, 0x00, 
  0x00, 0x00, 0x00, 0x00, 0x00, 0x00, 0x00, 0x00, 0x00, 0x00, 0x00, 0x00, 0x00, 0x00, 0x00, 0x00, 
  0x00, 0x00, 0x00, 0x00, 0x00, 0x00, 0x00, 0x00, 0x00, 0x00, 0x00, 0x00, 0x00, 0x00, 0x00, 0x00, 
  0x00, 0x00, 0x00, 0x00, 0x00, 0x00, 0x00, 0x00, 0x00, 0x00, 0x00, 0x00, 0x00, 0x00, 0x00, 0x00, 
},
/* ".", 14 */
{
  0x00, 0x00, 0x00, 0x00, 0x00, 0x00, 0x00, 0x00, 0x00, 0x00, 0x00, 0x00, 0x00, 0x00, 0x00, 0x00, 
  0x00, 0x00, 0x00, 0x00, 0x00, 0x00, 0x00, 0x00, 0x00, 0x00, 0x00, 0x00, 0x00, 0x00, 0x00, 0x00, 
  0x00, 0x00, 0x00, 0x00, 0x00, 0x00, 0x00, 0x00, 0x00, 0x00, 0x00, 0x00, 0x00, 0x00, 0x00, 0x00, 
  0x00, 0x00, 0x00, 0x00, 0x00, 0x00, 0x00, 0x00, 0x00, 0x00, 0x00, 0x00, 0x00, 0x00, 0x00, 0x00, 
  0x00, 0x00, 0x00, 0x00, 0x00, 0x00, 0x00, 0x00, 0x00, 0x00, 0x00, 0x00, 0x00, 0x00, 0x00, 0x00, 
  0x00, 0x00, 0x00, 0x00, 0x00, 0x00, 0x00, 0x00, 0x00, 0x00, 0x00, 0x00, 0x18, 0x00, 0x00, 0x00, 
  0x3C, 0x00, 0x00, 0x00, 0x3C, 0x00, 0x00, 0x00, 0x18, 0x00, 0x00, 0x00, 0x00, 0x00, 0x00, 0x00, 
  0x00, 0x00, 0x00, 0x00, 0x00, 0x00, 0x00, 0x00, 0x00, 0x00, 0x00, 0x00, 0x00, 0x00, 0x00, 0x00, 
},
/* "/", 15 */
{
  0x00, 0x00, 0x00, 0x00, 0x00, 0x00, 0x00, 0x00, 0x00, 0x00, 0x00, 0x00, 0x00, 0x00, 0x00, 0x00, 
  0x00, 0x20, 0x00, 0x00, 0x00, 0x20, 0x00, 0x00, 0x00, 0x30, 0x00, 0x00, 0x00, 0x18, 0x00, 0x00, 
  0x00, 0x18, 0x00, 0x00, 0x00, 0x0C, 0x00, 0x00, 0x00, 0x04, 0x00, 0x00, 0x00, 0x06, 0x00, 0x00, 
  0x00, 0x02, 0x00, 0x00, 0x00, 0x03, 0x00, 0x00, 0x00, 0x01, 0x00, 0x00, 0x80, 0x01, 0x00, 0x00, 
  0xC0, 0x00, 0x00, 0x00, 0x40, 0x00, 0x00, 0x00, 0x60, 0x00, 0x00, 0x00, 0x20, 0x00, 0x00, 0x00, 
  0x30, 0x00, 0x00, 0x00, 0x10, 0x00, 0x00, 0x00, 0x18, 0x00, 0x00, 0x00, 0x08, 0x00, 0x00, 0x00, 
  0x0C, 0x00, 0x00, 0x00, 0x06, 0x00, 0x00, 0x00, 0x02, 0x00, 0x00, 0x00, 0x02, 0x00, 0x00, 0x00, 
  0x00, 0x00, 0x00, 0x00, 0x00, 0x00, 0x00, 0x00, 0x00, 0x00, 0x00, 0x00, 0x00, 0x00, 0x00, 0x00, 
},
/* "0", 16 */
{
  0x00, 0x00, 0x00, 0x00, 0x00, 0x00, 0x00, 0x00, 0x00, 0x00, 0x00, 0x00, 0x00, 0x00, 0x00, 0x00, 
  0x00, 0x00, 0x00, 0x00, 0xC0, 0x01, 0x00, 0x00, 0xF0, 0x07, 0x00, 0x00, 0xF8, 0x0F, 0x00, 0x00, 
  0x38, 0x1C, 0x00, 0x00, 0x1C, 0x1C, 0x00, 0x00, 0x0C, 0x18, 0x00, 0x00, 0x0E, 0x38, 0x00, 0x00, 
  0x0E, 0x38, 0x00, 0x00, 0x0E, 0x38, 0x00, 0x00, 0x0E, 0x38, 0x00, 0x00, 0x0E, 0x38, 0x00, 0x00, 
  0x0E, 0x38, 0x00, 0x00, 0x0E, 0x38, 0x00, 0x00, 0x0E, 0x38, 0x00, 0x00, 0x0E, 0x38, 0x00, 0x00, 
  0x0E, 0x38, 0x00, 0x00, 0x0C, 0x18, 0x00, 0x00, 0x1C, 0x1C, 0x00, 0x00, 0x38, 0x1C, 0x00, 0x00, 
  0xF8, 0x0F, 0x00, 0x00, 0xF0, 0x07, 0x00, 0x00, 0x80, 0x01, 0x00, 0x00, 0x00, 0x00, 0x00, 0x00, 
  0x00, 0x00, 0x00, 0x00, 0x00, 0x00, 0x00, 0x00, 0x00, 0x00, 0x00, 0x00, 0x00, 0x00, 0x00, 0x00, 
},
/* "1", 17 */
{
  0x00, 0x00, 0x00, 0x00, 0x00, 0x00, 0x00, 0x00, 0x00, 0x00, 0x00, 0x00, 0x00, 0x00, 0x00, 0x00, 
  0x00, 0x00, 0x00, 0x00, 0x00, 0x01, 0x00, 0x00, 0x80, 0x01, 0x00, 0x00, 0xC0, 0x01, 0x00, 0x00, 
  0xE0, 0x01, 0x00, 0x00, 0xF0, 0x01, 0x00, 0x00, 0xB8, 0x01, 0x00, 0x00, 0x88, 0x01, 0x00, 0x00, 
  0x80, 0x01, 0x00, 0x00, 0x80, 0x01, 0x00, 0x00, 0x80, 0x01, 0x00, 0x00, 0x80, 0x01, 0x00, 0x00, 
  0x80, 0x01, 0x00, 0x00, 0x80, 0x01, 0x00, 0x00, 0x80, 0x01, 0x00, 0x00, 0x80, 0x01, 0x00, 0x00, 
  0x80, 0x01, 0x00, 0x00, 0x80, 0x01, 0x00, 0x00, 0x80, 0x01, 0x00, 0x00, 0x80, 0x01, 0x00, 0x00, 
  0x80, 0x01, 0x00, 0x00, 0x80, 0x01, 0x00, 0x00, 0x00, 0x00, 0x00, 0x00, 0x00, 0x00, 0x00, 0x00, 
  0x00, 0x00, 0x00, 0x00, 0x00, 0x00, 0x00, 0x00, 0x00, 0x00, 0x00, 0x00, 0x00, 0x00, 0x00, 0x00, 
},
/* "2", 18 */
{
  0x00, 0x00, 0x00, 0x00, 0x00, 0x00, 0x00, 0x00, 0x00, 0x00, 0x00, 0x00, 0x00, 0x00, 0x00, 0x00, 
  0x00, 0x00, 0x00, 0x00, 0xC0, 0x03, 0x00, 0x00, 0xF0, 0x0F, 0x00, 0x00, 0xF8, 0x0F, 0x00, 0x00, 
  0x1C, 0x1C, 0x00, 0x00, 0x0E, 0x18, 0x00, 0x00, 0x0E, 0x18, 0x00, 0x00, 0x00, 0x18, 0x00, 0x00, 
  0x00, 0x18, 0x00, 0x00, 0x00, 0x1C, 0x00, 0x00, 0x00, 0x0C, 0x00, 0x00, 0x00, 0x0E, 0x00, 0x00, 
  0x00, 0x07, 0x00, 0x00, 0x00, 0x03, 0x00, 0x00, 0x80, 0x03, 0x00, 0x00, 0xC0, 0x01, 0x00, 0x00, 
  0xE0, 0x00, 0x00, 0x00, 0x70, 0x00, 0x00, 0x00, 0x38, 0x00, 0x00, 0x00, 0x1C, 0x00, 0x00, 0x00, 
  0xFC, 0x3F, 0x00, 0x00, 0xFE, 0x3F, 0x00, 0x00, 0x00, 0x00, 0x00, 0x00, 0x00, 0x00, 0x00, 0x00, 
  0x00, 0x00, 0x00, 0x00, 0x00, 0x00, 0x00, 0x00, 0x00, 0x00, 0x00, 0x00, 0x00, 0x00, 0x00, 0x00, 
},
/* "3", 19 */
{
  0x00, 0x00, 0x00, 0x00, 0x00, 0x00, 0x00, 0x00, 0x00, 0x00, 0x00, 0x00, 0x00, 0x00, 0x00, 0x00, 
  0x00, 0x00, 0x00, 0x00, 0xC0, 0x01, 0x00, 0x00, 0xF0, 0x0F, 0x00, 0x00, 0x78, 0x1F, 0x00, 0x00, 
  0x1C, 0x1C, 0x00, 0x00, 0x0C, 0x18, 0x00, 0x00, 0x0C, 0x18, 0x00, 0x00, 0x00, 0x18, 0x00, 0x00, 
  0x00, 0x18, 0x00, 0x00, 0x00, 0x0C, 0x00, 0x00, 0x80, 0x0F, 0x00, 0x00, 0xC0, 0x07, 0x00, 0x00, 
  0x00, 0x0F, 0x00, 0x00, 0x00, 0x1C, 0x00, 0x00, 0x00, 0x18, 0x00, 0x00, 0x00, 0x38, 0x00, 0x00, 
  0x00, 0x38, 0x00, 0x00, 0x0E, 0x38, 0x00, 0x00, 0x0C, 0x18, 0x00, 0x00, 0x1C, 0x1C, 0x00, 0x00, 
  0xF8, 0x0F, 0x00, 0x00, 0xF0, 0x07, 0x00, 0x00, 0xC0, 0x01, 0x00, 0x00, 0x00, 0x00, 0x00, 0x00, 
  0x00, 0x00, 0x00, 0x00, 0x00, 0x00, 0x00, 0x00, 0x00, 0x00, 0x00, 0x00, 0x00, 0x00, 0x00, 0x00, 
},
/* "4", 20 */
{
  0x00, 0x00, 0x00, 0x00, 0x00, 0x00, 0x00, 0x00, 0x00, 0x00, 0x00, 0x00, 0x00, 0x00, 0x00, 0x00, 
  0x00, 0x00, 0x00, 0x00, 0x00, 0x0C, 0x00, 0x00, 0x00, 0x0E, 0x00, 0x00, 0x00, 0x0E, 0x00, 0x00, 
  0x00, 0x0F, 0x00, 0x00, 0x80, 0x0F, 0x00, 0x00, 0x80, 0x0D, 0x00, 0x00, 0xC0, 0x0D, 0x00, 0x00, 
  0xE0, 0x0C, 0x00, 0x00, 0x60, 0x0C, 0x00, 0x00, 0x70, 0x0C, 0x00, 0x00, 0x38, 0x0C, 0x00, 0x00, 
  0x18, 0x0C, 0x00, 0x00, 0x0C, 0x0C, 0x00, 0x00, 0x0E, 0x0C, 0x00, 0x00, 0x07, 0x0C, 0x00, 0x00, 
  0xFF, 0x7F, 0x00, 0x00, 0xFF, 0x7F, 0x00, 0x00, 0x00, 0x0C, 0x00, 0x00, 0x00, 0x0C, 0x00, 0x00, 
  0x00, 0x0C, 0x00, 0x00, 0x00, 0x0C, 0x00, 0x00, 0x00, 0x00, 0x00, 0x00, 0x00, 0x00, 0x00, 0x00, 
  0x00, 0x00, 0x00, 0x00, 0x00, 0x00, 0x00, 0x00, 0x00, 0x00, 0x00, 0x00, 0x00, 0x00, 0x00, 0x00, 
},
/* "5", 21 */
{
  0x00, 0x00, 0x00, 0x00, 0x00, 0x00, 0x00, 0x00, 0x00, 0x00, 0x00, 0x00, 0x00, 0x00, 0x00, 0x00, 
  0x00, 0x00, 0x00, 0x00, 0x00, 0x00, 0x00, 0x00, 0xF8, 0x1F, 0x00, 0x00, 0xF8, 0x1F, 0x00, 0x00, 
  0x18, 0x00, 0x00, 0x00, 0x18, 0x00, 0x00, 0x00, 0x1C, 0x00, 0x00, 0x00, 0x0C, 0x00, 0x00, 0x00, 
  0xCC, 0x00, 0x00, 0x00, 0xFC, 0x07, 0x00, 0x00, 0xFC, 0x0F, 0x00, 0x00, 0x0E, 0x1C, 0x00, 0x00, 
  0x00, 0x18, 0x00, 0x00, 0x00, 0x38, 0x00, 0x00, 0x00, 0x38, 0x00, 0x00, 0x00, 0x38, 0x00, 0x00, 
  0x00, 0x38, 0x00, 0x00, 0x06, 0x18, 0x00, 0x00, 0x06, 0x1C, 0x00, 0x00, 0x0E, 0x1E, 0x00, 0x00, 
  0xFC, 0x0F, 0x00, 0x00, 0xF8, 0x07, 0x00, 0x00, 0xE0, 0x00, 0x00, 0x00, 0x00, 0x00, 0x00, 0x00, 
  0x00, 0x00, 0x00, 0x00, 0x00, 0x00, 0x00, 0x00, 0x00, 0x00, 0x00, 0x00, 0x00, 0x00, 0x00, 0x00, 
},
/* "6", 22 */
{
  0x00, 0x00, 0x00, 0x00, 0x00, 0x00, 0x00, 0x00, 0x00, 0x00, 0x00, 0x00, 0x00, 0x00, 0x00, 0x00, 
  0x00, 0x00, 0x00, 0x00, 0x00, 0x07, 0x00, 0x00, 0x00, 0x07, 0x00, 0x00, 0x80, 0x03, 0x00, 0x00, 
  0x80, 0x01, 0x00, 0x00, 0xC0, 0x01, 0x00, 0x00, 0xE0, 0x00, 0x00, 0x00, 0x60, 0x00, 0x00, 0x00, 
  0x70, 0x00, 0x00, 0x00, 0xF8, 0x07, 0x00, 0x00, 0xF8, 0x1F, 0x00, 0x00, 0x3C, 0x3C, 0x00, 0x00, 
  0x1C, 0x38, 0x00, 0x00, 0x0E, 0x30, 0x00, 0x00, 0x0E, 0x70, 0x00, 0x00, 0x0E, 0x70, 0x00, 0x00, 
  0x0E, 0x70, 0x00, 0x00, 0x0E, 0x30, 0x00, 0x00, 0x0C, 0x38, 0x00, 0x00, 0x1C, 0x38, 0x00, 0x00, 
  0xF8, 0x1F, 0x00, 0x00, 0xF0, 0x0F, 0x00, 0x00, 0xC0, 0x03, 0x00, 0x00, 0x00, 0x00, 0x00, 0x00, 
  0x00, 0x00, 0x00, 0x00, 0x00, 0x00, 0x00, 0x00, 0x00, 0x00, 0x00, 0x00, 0x00, 0x00, 0x00, 0x00, 
},
/* "7", 23 */
{
  0x00, 0x00, 0x00, 0x00, 0x00, 0x00, 0x00, 0x00, 0x00, 0x00, 0x00, 0x00, 0x00, 0x00, 0x00, 0x00, 
  0x00, 0x00, 0x00, 0x00, 0x00, 0x00, 0x00, 0x00, 0xFE, 0x3F, 0x00, 0x00, 0xFE, 0x3F, 0x00, 0x00, 
  0x00, 0x38, 0x00, 0x00, 0x00, 0x18, 0x00, 0x00, 0x00, 0x1C, 0x00, 0x00, 0x00, 0x0C, 0x00, 0x00, 
  0x00, 0x0E, 0x00, 0x00, 0x00, 0x06, 0x00, 0x00, 0x00, 0x07, 0x00, 0x00, 0x00, 0x03, 0x00, 0x00, 
  0x80, 0x03, 0x00, 0x00, 0x80, 0x01, 0x00, 0x00, 0x80, 0x01, 0x00, 0x00, 0xC0, 0x01, 0x00, 0x00, 
  0xC0, 0x00, 0x00, 0x00, 0xE0, 0x00, 0x00, 0x00, 0xE0, 0x00, 0x00, 0x00, 0x60, 0x00, 0x00, 0x00, 
  0x60, 0x00, 0x00, 0x00, 0x70, 0x00, 0x00, 0x00, 0x00, 0x00, 0x00, 0x00, 0x00, 0x00, 0x00, 0x00, 
  0x00, 0x00, 0x00, 0x00, 0x00, 0x00, 0x00, 0x00, 0x00, 0x00, 0x00, 0x00, 0x00, 0x00, 0x00, 0x00, 
},
/* "8", 24 */
{
  0x00, 0x00, 0x00, 0x00, 0x00, 0x00, 0x00, 0x00, 0x00, 0x00, 0x00, 0x00, 0x00, 0x00, 0x00, 0x00, 
  0x00, 0x00, 0x00, 0x00, 0xC0, 0x00, 0x00, 0x00, 0xF0, 0x07, 0x00, 0x00, 0xF8, 0x0F, 0x00, 0x00, 
  0x1C, 0x1C, 0x00, 0x00, 0x0C, 0x18, 0x00, 0x00, 0x0C, 0x18, 0x00, 0x00, 0x0C, 0x18, 0x00, 0x00, 
  0x0C, 0x1C, 0x00, 0x00, 0x1C, 0x0C, 0x00, 0x00, 0xF8, 0x0F, 0x00, 0x00, 0xF0, 0x07, 0x00, 0x00, 
  0xFC, 0x0F, 0x00, 0x00, 0x1C, 0x1C, 0x00, 0x00, 0x0E, 0x38, 0x00, 0x00, 0x06, 0x38, 0x00, 0x00, 
  0x06, 0x38, 0x00, 0x00, 0x06, 0x38, 0x00, 0x00, 0x0E, 0x38, 0x00, 0x00, 0x0E, 0x1C, 0x00, 0x00, 
  0xFC, 0x1F, 0x00, 0x00, 0xF8, 0x0F, 0x00, 0x00, 0xC0, 0x01, 0x00, 0x00, 0x00, 0x00, 0x00, 0x00, 
  0x00, 0x00, 0x00, 0x00, 0x00, 0x00, 0x00, 0x00, 0x00, 0x00, 0x00, 0x00, 0x00, 0x00, 0x00, 0x00, 
},
/* "9", 25 */
{
  0x00, 0x00, 0x00, 0x00, 0x00, 0x00, 0x00, 0x00, 0x00, 0x00, 0x00, 0x00, 0x00, 0x00, 0x00, 0x00, 
  0x00, 0x00, 0x00, 0x00, 0xC0, 0x01, 0x00, 0x00, 0xF8, 0x07, 0x00, 0x00, 0xFC, 0x0F, 0x00, 0x00, 
  0x1C, 0x1C, 0x00, 0x00, 0x0E, 0x1C, 0x00, 0x00, 0x0E, 0x38, 0x00, 0x00, 0x06, 0x38, 0x00, 0x00, 
  0x06, 0x38, 0x00, 0x00, 0x06, 0x18, 0x00, 0x00, 0x0E, 0x1C, 0x00, 0x00, 0x0E, 0x1C, 0x00, 0x00, 
  0x3C, 0x0F, 0x00, 0x00, 0xF8, 0x0F, 0x00, 0x00, 0xE0, 0x07, 0x00, 0x00, 0x00, 0x07, 0x00, 0x00, 
  0x80, 0x03, 0x00, 0x00, 0x80, 0x03, 0x00, 0x00, 0xC0, 0x01, 0x00, 0x00, 0xC0, 0x00, 0x00, 0x00, 
  0xE0, 0x00, 0x00, 0x00, 0x60, 0x00, 0x00, 0x00, 0x70, 0x00, 0x00, 0x00, 0x00, 0x00, 0x00, 0x00, 
  0x00, 0x00, 0x00, 0x00, 0x00, 0x00, 0x00, 0x00, 0x00, 0x00, 0x00, 0x00, 0x00, 0x00, 0x00, 0x00, 
},
/* ":", 26 */
{
  0x00, 0x00, 0x00, 0x00, 0x00, 0x00, 0x00, 0x00, 0x00, 0x00, 0x00, 0x00, 0x00, 0x00, 0x00, 0x00, 
  0x00, 0x00, 0x00, 0x00, 0x00, 0x00, 0x00, 0x00, 0x00, 0x00, 0x00, 0x00, 0x00, 0x00, 0x00, 0x00, 
  0x00, 0x00, 0x00, 0x00, 0x00, 0x00, 0x00, 0x00, 0x00, 0x00, 0x00, 0x00, 0x00, 0x00, 0x00, 0x00, 
  0x00, 0x00, 0x00, 0x00, 0x00, 0x00, 0x00, 0x00, 0xC0, 0x00, 0x00, 0x00, 0xE0, 0x01, 0x00, 0x00, 
  0xE0, 0x01, 0x00, 0x00, 0xC0, 0x00, 0x00, 0x00, 0x00, 0x00, 0x00, 0x00, 0x00, 0x00, 0x00, 0x00, 
  0x00, 0x00, 0x00, 0x00, 0x00, 0x00, 0x00, 0x00, 0x00, 0x00, 0x00, 0x00, 0xC0, 0x00, 0x00, 0x00, 
  0xE0, 0x01, 0x00, 0x00, 0xE0, 0x01, 0x00, 0x00, 0xC0, 0x00, 0x00, 0x00, 0x00, 0x00, 0x00, 0x00, 
  0x00, 0x00, 0x00, 0x00, 0x00, 0x00, 0x00, 0x00, 0x00, 0x00, 0x00, 0x00, 0x00, 0x00, 0x00, 0x00, 
},
/* ";", 27 */
{
  0x00, 0x00, 0x00, 0x00, 0x00, 0x00, 0x00, 0x00, 0x00, 0x00, 0x00, 0x00, 0x00, 0x00, 0x00, 0x00, 
  0x00, 0x00, 0x00, 0x00, 0x00, 0x00, 0x00, 0x00, 0x00, 0x00, 0x00, 0x00, 0x00, 0x00, 0x00, 0x00, 
  0x00, 0x00, 0x00, 0x00, 0x00, 0x00, 0x00, 0x00, 0x00, 0x00, 0x00, 0x00, 0x00, 0x00, 0x00, 0x00, 
  0x00, 0x00, 0x00, 0x00, 0x00, 0x00, 0x00, 0x00, 0xC0, 0x00, 0x00, 0x00, 0xE0, 0x01, 0x00, 0x00, 
  0xE0, 0x01, 0x00, 0x00, 0xC0, 0x00, 0x00, 0x00, 0x00, 0x00, 0x00, 0x00, 0x00, 0x00, 0x00, 0x00, 
  0x00, 0x00, 0x00, 0x00, 0x00, 0x00, 0x00, 0x00, 0x00, 0x00, 0x00, 0x00, 0xC0, 0x00, 0x00, 0x00, 
  0xE0, 0x01, 0x00, 0x00, 0xE0, 0x01, 0x00, 0x00, 0xC0, 0x01, 0x00, 0x00, 0x80, 0x01, 0x00, 0x00, 
  0x80, 0x00, 0x00, 0x00, 0xC0, 0x00, 0x00, 0x00, 0x20, 0x00, 0x00, 0x00, 0x00, 0x00, 0x00, 0x00, 
},
/* "<", 28 */
{
  0x00, 0x00, 0x00, 0x00, 0x00, 0x00, 0x00, 0x00, 0x00, 0x00, 0x00, 0x00, 0x00, 0x00, 0x00, 0x00, 
  0x00, 0x00, 0x00, 0x00, 0x00, 0x30, 0x00, 0x00, 0x00, 0x38, 0x00, 0x00, 0x00, 0x1C, 0x00, 0x00, 
  0x00, 0x0E, 0x00, 0x00, 0x00, 0x07, 0x00, 0x00, 0x80, 0x03, 0x00, 0x00, 0xC0, 0x00, 0x00, 0x00, 
  0x60, 0x00, 0x00, 0x00, 0x30, 0x00, 0x00, 0x00, 0x18, 0x00, 0x00, 0x00, 0x0C, 0x00, 0x00, 0x00, 
  0x0E, 0x00, 0x00, 0x00, 0x18, 0x00, 0x00, 0x00, 0x30, 0x00, 0x00, 0x00, 0x60, 0x00, 0x00, 0x00, 
  0xC0, 0x00, 0x00, 0x00, 0x80, 0x01, 0x00, 0x00, 0x00, 0x07, 0x00, 0x00, 0x00, 0x0E, 0x00, 0x00, 
  0x00, 0x1C, 0x00, 0x00, 0x00, 0x38, 0x00, 0x00, 0x00, 0x20, 0x00, 0x00, 0x00, 0x00, 0x00, 0x00, 
  0x00, 0x00, 0x00, 0x00, 0x00, 0x00, 0x00, 0x00, 0x00, 0x00, 0x00, 0x00, 0x00, 0x00, 0x00, 0x00, 
},
/* "=", 29 */
{
  0x00, 0x00, 0x00, 0x00, 0x00, 0x00, 0x00, 0x00, 0x00, 0x00, 0x00, 0x00, 0x00, 0x00, 0x00, 0x00, 
  0x00, 0x00, 0x00, 0x00, 0x00, 0x00, 0x00, 0x00, 0x00, 0x00, 0x00, 0x00, 0x00, 0x00, 0x00, 0x00, 
  0x00, 0x00, 0x00, 0x00, 0x00, 0x00, 0x00, 0x00, 0x00, 0x00, 0x00, 0x00, 0xFE, 0x3F, 0x00, 0x00, 
  0xFE, 0x3F, 0x00, 0x00, 0x00, 0x00, 0x00, 0x00, 0x00, 0x00, 0x00, 0x00, 0x00, 0x00, 0x00, 0x00, 
  0x00, 0x00, 0x00, 0x00, 0x00, 0x00, 0x00, 0x00, 0xFE, 0x3F, 0x00, 0x00, 0xFE, 0x3F, 0x00, 0x00, 
  0x00, 0x00, 0x00, 0x00, 0x00, 0x00, 0x00, 0x00, 0x00, 0x00, 0x00, 0x00, 0x00, 0x00, 0x00, 0x00, 
  0x00, 0x00, 0x00, 0x00, 0x00, 0x00, 0x00, 0x00, 0x00, 0x00, 0x00, 0x00, 0x00, 0x00, 0x00, 0x00, 
  0x00, 0x00, 0x00, 0x00, 0x00, 0x00, 0x00, 0x00, 0x00, 0x00, 0x00, 0x00, 0x00, 0x00, 0x00, 0x00, 
},
/* ">", 30 */
{
  0x00, 0x00, 0x00, 0x00, 0x00, 0x00, 0x00, 0x00, 0x00, 0x00, 0x00, 0x00, 0x00, 0x00, 0x00, 0x00, 
  0x00, 0x00, 0x00, 0x00, 0x04, 0x00, 0x00, 0x00, 0x0E, 0x00, 0x00, 0x00, 0x1C, 0x00, 0x00, 0x00, 
  0x30, 0x00, 0x00, 0x00, 0x60, 0x00, 0x00, 0x00, 0xC0, 0x00, 0x00, 0x00, 0x80, 0x01, 0x00, 0x00, 
  0x00, 0x03, 0x00, 0x00, 0x00, 0x06, 0x00, 0x00, 0x00, 0x1C, 0x00, 0x00, 0x00, 0x38, 0x00, 0x00, 
  0x00, 0x38, 0x00, 0x00, 0x00, 0x1C, 0x00, 0x00, 0x00, 0x0E, 0x00, 0x00, 0x00, 0x07, 0x00, 0x00, 
  0x80, 0x01, 0x00, 0x00, 0xC0, 0x00, 0x00, 0x00, 0x60, 0x00, 0x00, 0x00, 0x30, 0x00, 0x00, 0x00, 
  0x1C, 0x00, 0x00, 0x00, 0x0E, 0x00, 0x00, 0x00, 0x04, 0x00, 0x00, 0x00, 0x00, 0x00, 0x00, 0x00, 
  0x00, 0x00, 0x00, 0x00, 0x00, 0x00, 0x00, 0x00, 0x00, 0x00, 0x00, 0x00, 0x00, 0x00, 0x00, 0x00, 
},
/* "?", 31 */
{
  0x00, 0x00, 0x00, 0x00, 0x00, 0x00, 0x00, 0x00, 0x00, 0x00, 0x00, 0x00, 0x00, 0x00, 0x00, 0x00, 
  0x00, 0x00, 0x00, 0x00, 0x80, 0x01, 0x00, 0x00, 0xF0, 0x07, 0x00, 0x00, 0xF8, 0x0F, 0x00, 0x00, 
  0x3C, 0x1C, 0x00, 0x00, 0x1C, 0x1C, 0x00, 0x00, 0x0C, 0x1C, 0x00, 0x00, 0x0C, 0x1C, 0x00, 0x00, 
  0x00, 0x1C, 0x00, 0x00, 0x00, 0x1E, 0x00, 0x00, 0x00, 0x0F, 0x00, 0x00, 0x00, 0x07, 0x00, 0x00, 
  0x80, 0x03, 0x00, 0x00, 0xC0, 0x01, 0x00, 0x00, 0xC0, 0x01, 0x00, 0x00, 0xC0, 0x00, 0x00, 0x00, 
  0x00, 0x00, 0x00, 0x00, 0x00, 0x00, 0x00, 0x00, 0x00, 0x00, 0x00, 0x00, 0xC0, 0x00, 0x00, 0x00, 
  0xC0, 0x01, 0x00, 0x00, 0xC0, 0x01, 0x00, 0x00, 0x80, 0x00, 0x00, 0x00, 0x00, 0x00, 0x00, 0x00, 
  0x00, 0x00, 0x00, 0x00, 0x00, 0x00, 0x00, 0x00, 0x00, 0x00, 0x00, 0x00, 0x00, 0x00, 0x00, 0x00, 
},
/* "@", 32 */
{
  0x00, 0x00, 0x00, 0x00, 0x00, 0x00, 0x00, 0x00, 0x00, 0x00, 0x00, 0x00, 0x00, 0x00, 0x00, 0x00, 
  0x00, 0x00, 0x00, 0x00, 0x80, 0x01, 0x00, 0x00, 0x60, 0x0E, 0x00, 0x00, 0x10, 0x18, 0x00, 0x00, 
  0x08, 0x10, 0x00, 0x00, 0x04, 0x20, 0x00, 0x00, 0x84, 0x2F, 0x00, 0x00, 0xC2, 0x26, 0x00, 0x00, 
  0x62, 0x26, 0x00, 0x00, 0x32, 0x66, 0x00, 0x00, 0x32, 0x66, 0x00, 0x00, 0x32, 0x26, 0x00, 0x00, 
  0x1A, 0x22, 0x00, 0x00, 0x1A, 0x22, 0x00, 0x00, 0x1A, 0x23, 0x00, 0x00, 0x32, 0x33, 0x00, 0x00, 
  0xF2, 0x1F, 0x00, 0x00, 0xE2, 0x0E, 0x00, 0x00, 0x04, 0x00, 0x00, 0x00, 0x0C, 0x00, 0x00, 0x00, 
  0x18, 0x08, 0x00, 0x00, 0x70, 0x06, 0x00, 0x00, 0x80, 0x01, 0x00, 0x00, 0x00, 0x00, 0x00, 0x00, 
  0x00, 0x00, 0x00, 0x00, 0x00, 0x00, 0x00, 0x00, 0x00, 0x00, 0x00, 0x00, 0x00, 0x00, 0x00, 0x00, 
},
/* "A", 33 */
{
  0x00, 0x00, 0x00, 0x00, 0x00, 0x00, 0x00, 0x00, 0x00, 0x00, 0x00, 0x00, 0x00, 0x00, 0x00, 0x00, 
  0x00, 0x00, 0x00, 0x00, 0xC0, 0x01, 0x00, 0x00, 0xC0, 0x01, 0x00, 0x00, 0xC0, 0x01, 0x00, 0x00, 
  0xC0, 0x03, 0x00, 0x00, 0xE0, 0x03, 0x00, 0x00, 0x60, 0x03, 0x00, 0x00, 0x60, 0x07, 0x00, 0x00, 
  0x70, 0x07, 0x00, 0x00, 0x70, 0x06, 0x00, 0x00, 0x30, 0x06, 0x00, 0x00, 0x30, 0x0E, 0x00, 0x00, 
  0x38, 0x0E, 0x00, 0x00, 0x38, 0x0C, 0x00, 0x00, 0xF8, 0x1F, 0x00, 0x00, 0xFC, 0x1F, 0x00, 0x00, 
  0x1C, 0x1C, 0x00, 0x00, 0x1C, 0x18, 0x00, 0x00, 0x0E, 0x38, 0x00, 0x00, 0x0E, 0x38, 0x00, 0x00, 
  0x0E, 0x38, 0x00, 0x00, 0x0E, 0x70, 0x00, 0x00, 0x00, 0x00, 0x00, 0x00, 0x00, 0x00, 0x00, 0x00, 
  0x00, 0x00, 0x00, 0x00, 0x00, 0x00, 0x00, 0x00, 0x00, 0x00, 0x00, 0x00, 0x00, 0x00, 0x00, 0x00, 
},
/* "B", 34 */
{
  0x00, 0x00, 0x00, 0x00, 0x00, 0x00, 0x00, 0x00, 0x00, 0x00, 0x00, 0x00, 0x00, 0x00, 0x00, 0x00, 
  0x00, 0x00, 0x00, 0x00, 0x00, 0x00, 0x00, 0x00, 0xFE, 0x07, 0x00, 0x00, 0xFE, 0x0F, 0x00, 0x00, 
  0x0E, 0x1C, 0x00, 0x00, 0x0E, 0x18, 0x00, 0x00, 0x0E, 0x38, 0x00, 0x00, 0x0E, 0x38, 0x00, 0x00, 
  0x0E, 0x38, 0x00, 0x00, 0x0E, 0x1C, 0x00, 0x00, 0xFE, 0x0F, 0x00, 0x00, 0xFE, 0x07, 0x00, 0x00, 
  0xFE, 0x0F, 0x00, 0x00, 0x0E, 0x1C, 0x00, 0x00, 0x0E, 0x38, 0x00, 0x00, 0x0E, 0x38, 0x00, 0x00, 
  0x0E, 0x38, 0x00, 0x00, 0x0E, 0x38, 0x00, 0x00, 0x0E, 0x38, 0x00, 0x00, 0x0E, 0x3C, 0x00, 0x00, 
  0xFE, 0x1F, 0x00, 0x00, 0xFE, 0x0F, 0x00, 0x00, 0x00, 0x00, 0x00, 0x00, 0x00, 0x00, 0x00, 0x00, 
  0x00, 0x00, 0x00, 0x00, 0x00, 0x00, 0x00, 0x00, 0x00, 0x00, 0x00, 0x00, 0x00, 0x00, 0x00, 0x00, 
},
/* "C", 35 */
{
  0x00, 0x00, 0x00, 0x00, 0x00, 0x00, 0x00, 0x00, 0x00, 0x00, 0x00, 0x00, 0x00, 0x00, 0x00, 0x00, 
  0x00, 0x00, 0x00, 0x00, 0x80, 0x01, 0x00, 0x00, 0xE0, 0x0F, 0x00, 0x00, 0xF0, 0x1F, 0x00, 0x00, 
  0x38, 0x1C, 0x00, 0x00, 0x1C, 0x38, 0x00, 0x00, 0x1C, 0x38, 0x00, 0x00, 0x0C, 0x30, 0x00, 0x00, 
  0x0E, 0x30, 0x00, 0x00, 0x0E, 0x00, 0x00, 0x00, 0x0E, 0x00, 0x00, 0x00, 0x0E, 0x00, 0x00, 0x00, 
  0x0E, 0x00, 0x00, 0x00, 0x0E, 0x00, 0x00, 0x00, 0x0E, 0x30, 0x00, 0x00, 0x0E, 0x30, 0x00, 0x00, 
  0x0E, 0x38, 0x00, 0x00, 0x1C, 0x38, 0x00, 0x00, 0x1C, 0x38, 0x00, 0x00, 0x38, 0x1C, 0x00, 0x00, 
  0xF8, 0x1F, 0x00, 0x00, 0xF0, 0x0F, 0x00, 0x00, 0x80, 0x01, 0x00, 0x00, 0x00, 0x00, 0x00, 0x00, 
  0x00, 0x00, 0x00, 0x00, 0x00, 0x00, 0x00, 0x00, 0x00, 0x00, 0x00, 0x00, 0x00, 0x00, 0x00, 0x00, 
},
/* "D", 36 */
{
  0x00, 0x00, 0x00, 0x00, 0x00, 0x00, 0x00, 0x00, 0x00, 0x00, 0x00, 0x00, 0x00, 0x00, 0x00, 0x00, 
  0x00, 0x00, 0x00, 0x00, 0x00, 0x00, 0x00, 0x00, 0xFE, 0x03, 0x00, 0x00, 0xFE, 0x07, 0x00, 0x00, 
  0x0E, 0x0F, 0x00, 0x00, 0x0E, 0x1C, 0x00, 0x00, 0x0E, 0x1C, 0x00, 0x00, 0x0E, 0x38, 0x00, 0x00, 
  0x0E, 0x38, 0x00, 0x00, 0x0E, 0x38, 0x00, 0x00, 0x0E, 0x38, 0x00, 0x00, 0x0E, 0x38, 0x00, 0x00, 
  0x0E, 0x38, 0x00, 0x00, 0x0E, 0x38, 0x00, 0x00, 0x0E, 0x38, 0x00, 0x00, 0x0E, 0x38, 0x00, 0x00, 
  0x0E, 0x38, 0x00, 0x00, 0x0E, 0x1C, 0x00, 0x00, 0x0E, 0x1C, 0x00, 0x00, 0x0E, 0x0F, 0x00, 0x00, 
  0xFE, 0x07, 0x00, 0x00, 0xFE, 0x03, 0x00, 0x00, 0x00, 0x00, 0x00, 0x00, 0x00, 0x00, 0x00, 0x00, 
  0x00, 0x00, 0x00, 0x00, 0x00, 0x00, 0x00, 0x00, 0x00, 0x00, 0x00, 0x00, 0x00, 0x00, 0x00, 0x00, 
},
/* "E", 37 */
{
  0x00, 0x00, 0x00, 0x00, 0x00, 0x00, 0x00, 0x00, 0x00, 0x00, 0x00, 0x00, 0x00, 0x00, 0x00, 0x00, 
  0x00, 0x00, 0x00, 0x00, 0x00, 0x00, 0x00, 0x00, 0xFC, 0x1F, 0x00, 0x00, 0xFC, 0x1F, 0x00, 0x00, 
  0x0C, 0x00, 0x00, 0x00, 0x0C, 0x00, 0x00, 0x00, 0x0C, 0x00, 0x00, 0x00, 0x0C, 0x00, 0x00, 0x00, 
  0x0C, 0x00, 0x00, 0x00, 0x0C, 0x00, 0x00, 0x00, 0xFC, 0x1F, 0x00, 0x00, 0xFC, 0x1F, 0x00, 0x00, 
  0xFC, 0x1F, 0x00, 0x00, 0x0C, 0x00, 0x00, 0x00, 0x0C, 0x00, 0x00, 0x00, 0x0C, 0x00, 0x00, 0x00, 
  0x0C, 0x00, 0x00, 0x00, 0x0C, 0x00, 0x00, 0x00, 0x0C, 0x00, 0x00, 0x00, 0x0C, 0x00, 0x00, 0x00, 
  0xFC, 0x3F, 0x00, 0x00, 0xFC, 0x3F, 0x00, 0x00, 0x00, 0x00, 0x00, 0x00, 0x00, 0x00, 0x00, 0x00, 
  0x00, 0x00, 0x00, 0x00, 0x00, 0x00, 0x00, 0x00, 0x00, 0x00, 0x00, 0x00, 0x00, 0x00, 0x00, 0x00, 
},
/* "F", 38 */
{
  0x00, 0x00, 0x00, 0x00, 0x00, 0x00, 0x00, 0x00, 0x00, 0x00, 0x00, 0x00, 0x00, 0x00, 0x00, 0x00, 
  0x00, 0x00, 0x00, 0x00, 0x00, 0x00, 0x00, 0x00, 0xFE, 0x3F, 0x00, 0x00, 0xFE, 0x3F, 0x00, 0x00, 
  0x0E, 0x00, 0x00, 0x00, 0x0E, 0x00, 0x00, 0x00, 0x0E, 0x00, 0x00, 0x00, 0x0E, 0x00, 0x00, 0x00, 
  0x0E, 0x00, 0x00, 0x00, 0x0E, 0x00, 0x00, 0x00, 0x0E, 0x00, 0x00, 0x00, 0xFE, 0x0F, 0x00, 0x00, 
  0xFE, 0x0F, 0x00, 0x00, 0x0E, 0x00, 0x00, 0x00, 0x0E, 0x00, 0x00, 0x00, 0x0E, 0x00, 0x00, 0x00, 
  0x0E, 0x00, 0x00, 0x00, 0x0E, 0x00, 0x00, 0x00, 0x0E, 0x00, 0x00, 0x00, 0x0E, 0x00, 0x00, 0x00, 
  0x0E, 0x00, 0x00, 0x00, 0x0E, 0x00, 0x00, 0x00, 0x00, 0x00, 0x00, 0x00, 0x00, 0x00, 0x00, 0x00, 
  0x00, 0x00, 0x00, 0x00, 0x00, 0x00, 0x00, 0x00, 0x00, 0x00, 0x00, 0x00, 0x00, 0x00, 0x00, 0x00, 
},
/* "G", 39 */
{
  0x00, 0x00, 0x00, 0x00, 0x00, 0x00, 0x00, 0x00, 0x00, 0x00, 0x00, 0x00, 0x00, 0x00, 0x00, 0x00, 
  0x00, 0x00, 0x00, 0x00, 0x80, 0x01, 0x00, 0x00, 0xF0, 0x07, 0x00, 0x00, 0xF8, 0x0F, 0x00, 0x00, 
  0x38, 0x1C, 0x00, 0x00, 0x1C, 0x18, 0x00, 0x00, 0x1C, 0x38, 0x00, 0x00, 0x0C, 0x38, 0x00, 0x00, 
  0x0E, 0x38, 0x00, 0x00, 0x0E, 0x00, 0x00, 0x00, 0x0E, 0x00, 0x00, 0x00, 0x0E, 0x00, 0x00, 0x00, 
  0x0E, 0x3F, 0x00, 0x00, 0x0E, 0x3F, 0x00, 0x00, 0x0E, 0x38, 0x00, 0x00, 0x0E, 0x38, 0x00, 0x00, 
  0x0E, 0x38, 0x00, 0x00, 0x1C, 0x38, 0x00, 0x00, 0x1C, 0x38, 0x00, 0x00, 0x38, 0x3C, 0x00, 0x00, 
  0xF8, 0x3F, 0x00, 0x00, 0xF0, 0x37, 0x00, 0x00, 0xC0, 0x31, 0x00, 0x00, 0x00, 0x00, 0x00, 0x00, 
  0x00, 0x00, 0x00, 0x00, 0x00, 0x00, 0x00, 0x00, 0x00, 0x00, 0x00, 0x00, 0x00, 0x00, 0x00, 0x00, 
},
/* "H", 40 */
{
  0x00, 0x00, 0x00, 0x00, 0x00, 0x00, 0x00, 0x00, 0x00, 0x00, 0x00, 0x00, 0x00, 0x00, 0x00, 0x00, 
  0x00, 0x00, 0x00, 0x00, 0x00, 0x00, 0x00, 0x00, 0x0E, 0x38, 0x00, 0x00, 0x0E, 0x38, 0x00, 0x00, 
  0x0E, 0x38, 0x00, 0x00, 0x0E, 0x38, 0x00, 0x00, 0x0E, 0x38, 0x00, 0x00, 0x0E, 0x38, 0x00, 0x00, 
  0x0E, 0x38, 0x00, 0x00, 0x0E, 0x38, 0x00, 0x00, 0xFE, 0x3F, 0x00, 0x00, 0xFE, 0x3F, 0x00, 0x00, 
  0xFE, 0x3F, 0x00, 0x00, 0x0E, 0x38, 0x00, 0x00, 0x0E, 0x38, 0x00, 0x00, 0x0E, 0x38, 0x00, 0x00, 
  0x0E, 0x38, 0x00, 0x00, 0x0E, 0x38, 0x00, 0x00, 0x0E, 0x38, 0x00, 0x00, 0x0E, 0x38, 0x00, 0x00, 
  0x0E, 0x38, 0x00, 0x00, 0x0E, 0x38, 0x00, 0x00, 0x00, 0x00, 0x00, 0x00, 0x00, 0x00, 0x00, 0x00, 
  0x00, 0x00, 0x00, 0x00, 0x00, 0x00, 0x00, 0x00, 0x00, 0x00, 0x00, 0x00, 0x00, 0x00, 0x00, 0x00, 
},
/* "I", 41 */
{
  0x00, 0x00, 0x00, 0x00, 0x00, 0x00, 0x00, 0x00, 0x00, 0x00, 0x00, 0x00, 0x00, 0x00, 0x00, 0x00, 
  0x00, 0x00, 0x00, 0x00, 0x00, 0x00, 0x00, 0x00, 0xC0, 0x01, 0x00, 0x00, 0xC0, 0x01, 0x00, 0x00, 
  0xC0, 0x01, 0x00, 0x00, 0xC0, 0x01, 0x00, 0x00, 0xC0, 0x01, 0x00, 0x00, 0xC0, 0x01, 0x00, 0x00, 
  0xC0, 0x01, 0x00, 0x00, 0xC0, 0x01, 0x00, 0x00, 0xC0, 0x01, 0x00, 0x00, 0xC0, 0x01, 0x00, 0x00, 
  0xC0, 0x01, 0x00, 0x00, 0xC0, 0x01, 0x00, 0x00, 0xC0, 0x01, 0x00, 0x00, 0xC0, 0x01, 0x00, 0x00, 
  0xC0, 0x01, 0x00, 0x00, 0xC0, 0x01, 0x00, 0x00, 0xC0, 0x01, 0x00, 0x00, 0xC0, 0x01, 0x00, 0x00, 
  0xC0, 0x01, 0x00, 0x00, 0xC0, 0x01, 0x00, 0x00, 0x00, 0x00, 0x00, 0x00, 0x00, 0x00, 0x00, 0x00, 
  0x00, 0x00, 0x00, 0x00, 0x00, 0x00, 0x00, 0x00, 0x00, 0x00, 0x00, 0x00, 0x00, 0x00, 0x00, 0x00, 
},
/* "J", 42 */
{
  0x00, 0x00, 0x00, 0x00, 0x00, 0x00, 0x00, 0x00, 0x00, 0x00, 0x00, 0x00, 0x00, 0x00, 0x00, 0x00, 
  0x00, 0x00, 0x00, 0x00, 0x00, 0x00, 0x00, 0x00, 0x00, 0x38, 0x00, 0x00, 0x00, 0x38, 0x00, 0x00, 
  0x00, 0x38, 0x00, 0x00, 0x00, 0x38, 0x00, 0x00, 0x00, 0x38, 0x00, 0x00, 0x00, 0x38, 0x00, 0x00, 
  0x00, 0x38, 0x00, 0x00, 0x00, 0x38, 0x00, 0x00, 0x00, 0x38, 0x00, 0x00, 0x00, 0x38, 0x00, 0x00, 
  0x00, 0x38, 0x00, 0x00, 0x00, 0x38, 0x00, 0x00, 0x0C, 0x38, 0x00, 0x00, 0x0C, 0x38, 0x00, 0x00, 
  0x0C, 0x38, 0x00, 0x00, 0x0C, 0x18, 0x00, 0x00, 0x1C, 0x1C, 0x00, 0x00, 0x3C, 0x1C, 0x00, 0x00, 
  0xF8, 0x0F, 0x00, 0x00, 0xF0, 0x07, 0x00, 0x00, 0xC0, 0x01, 0x00, 0x00, 0x00, 0x00, 0x00, 0x00, 
  0x00, 0x00, 0x00, 0x00, 0x00, 0x00, 0x00, 0x00, 0x00, 0x00, 0x00, 0x00, 0x00, 0x00, 0x00, 0x00, 
},
/* "K", 43 */
{
  0x00, 0x00, 0x00, 0x00, 0x00, 0x00, 0x00, 0x00, 0x00, 0x00, 0x00, 0x00, 0x00, 0x00, 0x00, 0x00, 
  0x00, 0x00, 0x00, 0x00, 0x00, 0x00, 0x00, 0x00, 0x0E, 0x3C, 0x00, 0x00, 0x0E, 0x1C, 0x00, 0x00, 
  0x0E, 0x0E, 0x00, 0x00, 0x0E, 0x07, 0x00, 0x00, 0x8E, 0x03, 0x00, 0x00, 0x8E, 0x03, 0x00, 0x00, 
  0xCE, 0x01, 0x00, 0x00, 0xEE, 0x00, 0x00, 0x00, 0xFE, 0x00, 0x00, 0x00, 0xFE, 0x01, 0x00, 0x00, 
  0xFE, 0x01, 0x00, 0x00, 0x9E, 0x03, 0x00, 0x00, 0x8E, 0x03, 0x00, 0x00, 0x0E, 0x07, 0x00, 0x00, 
  0x0E, 0x0F, 0x00, 0x00, 0x0E, 0x0E, 0x00, 0x00, 0x0E, 0x1C, 0x00, 0x00, 0x0E, 0x1C, 0x00, 0x00, 
  0x0E, 0x38, 0x00, 0x00, 0x0E, 0x38, 0x00, 0x00, 0x00, 0x00, 0x00, 0x00, 0x00, 0x00, 0x00, 0x00, 
  0x00, 0x00, 0x00, 0x00, 0x00, 0x00, 0x00, 0x00, 0x00, 0x00, 0x00, 0x00, 0x00, 0x00, 0x00, 0x00, 
},
/* "L", 44 */
{
  0x00, 0x00, 0x00, 0x00, 0x00, 0x00, 0x00, 0x00, 0x00, 0x00, 0x00, 0x00, 0x00, 0x00, 0x00, 0x00, 
  0x00, 0x00, 0x00, 0x00, 0x00, 0x00, 0x00, 0x00, 0x0E, 0x00, 0x00, 0x00, 0x0E, 0x00, 0x00, 0x00, 
  0x0E, 0x00, 0x00, 0x00, 0x0E, 0x00, 0x00, 0x00, 0x0E, 0x00, 0x00, 0x00, 0x0E, 0x00, 0x00, 0x00, 
  0x0E, 0x00, 0x00, 0x00, 0x0E, 0x00, 0x00, 0x00, 0x0E, 0x00, 0x00, 0x00, 0x0E, 0x00, 0x00, 0x00, 
  0x0E, 0x00, 0x00, 0x00, 0x0E, 0x00, 0x00, 0x00, 0x0E, 0x00, 0x00, 0x00, 0x0E, 0x00, 0x00, 0x00, 
  0x0E, 0x00, 0x00, 0x00, 0x0E, 0x00, 0x00, 0x00, 0x0E, 0x00, 0x00, 0x00, 0x0E, 0x00, 0x00, 0x00, 
  0xFE, 0x3F, 0x00, 0x00, 0xFE, 0x3F, 0x00, 0x00, 0x00, 0x00, 0x00, 0x00, 0x00, 0x00, 0x00, 0x00, 
  0x00, 0x00, 0x00, 0x00, 0x00, 0x00, 0x00, 0x00, 0x00, 0x00, 0x00, 0x00, 0x00, 0x00, 0x00, 0x00, 
},
/* "M", 45 */
{
  0x00, 0x00, 0x00, 0x00, 0x00, 0x00, 0x00, 0x00, 0x00, 0x00, 0x00, 0x00, 0x00, 0x00, 0x00, 0x00, 
  0x00, 0x00, 0x00, 0x00, 0x00, 0x00, 0x00, 0x00, 0x1E, 0x3C, 0x00, 0x00, 0x1E, 0x3C, 0x00, 0x00, 
  0x1E, 0x3C, 0x00, 0x00, 0x3E, 0x3C, 0x00, 0x00, 0x3E, 0x3E, 0x00, 0x00, 0x3E, 0x3E, 0x00, 0x00, 
  0x3E, 0x36, 0x00, 0x00, 0x3E, 0x36, 0x00, 0x00, 0x7E, 0x36, 0x00, 0x00, 0x6E, 0x36, 0x00, 0x00, 
  0x6E, 0x37, 0x00, 0x00, 0x6E, 0x33, 0x00, 0x00, 0x6E, 0x33, 0x00, 0x00, 0xEE, 0x33, 0x00, 0x00, 
  0xEE, 0x33, 0x00, 0x00, 0xCE, 0x33, 0x00, 0x00, 0xCE, 0x31, 0x00, 0x00, 0xCE, 0x31, 0x00, 0x00, 
  0xCE, 0x31, 0x00, 0x00, 0xCE, 0x31, 0x00, 0x00, 0x00, 0x00, 0x00, 0x00, 0x00, 0x00, 0x00, 0x00, 
  0x00, 0x00, 0x00, 0x00, 0x00, 0x00, 0x00, 0x00, 0x00, 0x00, 0x00, 0x00, 0x00, 0x00, 0x00, 0x00, 
},
/* "N", 46 */
{
  0x00, 0x00, 0x00, 0x00, 0x00, 0x00, 0x00, 0x00, 0x00, 0x00, 0x00, 0x00, 0x00, 0x00, 0x00, 0x00, 
  0x00, 0x00, 0x00, 0x00, 0x00, 0x00, 0x00, 0x00, 0x1E, 0x38, 0x00, 0x00, 0x1E, 0x38, 0x00, 0x00, 
  0x1E, 0x38, 0x00, 0x00, 0x3E, 0x38, 0x00, 0x00, 0x3E, 0x38, 0x00, 0x00, 0x7E, 0x38, 0x00, 0x00, 
  0x6E, 0x38, 0x00, 0x00, 0xEE, 0x38, 0x00, 0x00, 0xCE, 0x38, 0x00, 0x00, 0xCE, 0x39, 0x00, 0x00, 
  0xCE, 0x39, 0x00, 0x00, 0x8E, 0x39, 0x00, 0x00, 0x8E, 0x3B, 0x00, 0x00, 0x0E, 0x3B, 0x00, 0x00, 
  0x0E, 0x3F, 0x00, 0x00, 0x0E, 0x3E, 0x00, 0x00, 0x0E, 0x3E, 0x00, 0x00, 0x0E, 0x3E, 0x00, 0x00, 
  0x0E, 0x3C, 0x00, 0x00, 0x0E, 0x3C, 0x00, 0x00, 0x00, 0x00, 0x00, 0x00, 0x00, 0x00, 0x00, 0x00, 
  0x00, 0x00, 0x00, 0x00, 0x00, 0x00, 0x00, 0x00, 0x00, 0x00, 0x00, 0x00, 0x00, 0x00, 0x00, 0x00, 
},
/* "O", 47 */
{
  0x00, 0x00, 0x00, 0x00, 0x00, 0x00, 0x00, 0x00, 0x00, 0x00, 0x00, 0x00, 0x00, 0x00, 0x00, 0x00, 
  0x00, 0x00, 0x00, 0x00, 0x80, 0x01, 0x00, 0x00, 0xF0, 0x07, 0x00, 0x00, 0xF8, 0x0F, 0x00, 0x00, 
  0x3C, 0x1C, 0x00, 0x00, 0x1C, 0x1C, 0x00, 0x00, 0x0E, 0x38, 0x00, 0x00, 0x0E, 0x38, 0x00, 0x00, 
  0x0E, 0x38, 0x00, 0x00, 0x0E, 0x38, 0x00, 0x00, 0x0E, 0x38, 0x00, 0x00, 0x0E, 0x38, 0x00, 0x00, 
  0x0E, 0x38, 0x00, 0x00, 0x0E, 0x38, 0x00, 0x00, 0x0E, 0x38, 0x00, 0x00, 0x0E, 0x38, 0x00, 0x00, 
  0x0E, 0x38, 0x00, 0x00, 0x0E, 0x38, 0x00, 0x00, 0x1C, 0x1C, 0x00, 0x00, 0x3C, 0x1C, 0x00, 0x00, 
  0xF8, 0x0F, 0x00, 0x00, 0xF0, 0x07, 0x00, 0x00, 0xC0, 0x01, 0x00, 0x00, 0x00, 0x00, 0x00, 0x00, 
  0x00, 0x00, 0x00, 0x00, 0x00, 0x00, 0x00, 0x00, 0x00, 0x00, 0x00, 0x00, 0x00, 0x00, 0x00, 0x00, 
},
/* "P", 48 */
{
  0x00, 0x00, 0x00, 0x00, 0x00, 0x00, 0x00, 0x00, 0x00, 0x00, 0x00, 0x00, 0x00, 0x00, 0x00, 0x00, 
  0x00, 0x00, 0x00, 0x00, 0x00, 0x00, 0x00, 0x00, 0xFC, 0x07, 0x00, 0x00, 0xFC, 0x1F, 0x00, 0x00, 
  0x0C, 0x1C, 0x00, 0x00, 0x0C, 0x38, 0x00, 0x00, 0x0C, 0x38, 0x00, 0x00, 0x0C, 0x38, 0x00, 0x00, 
  0x0C, 0x38, 0x00, 0x00, 0x0C, 0x38, 0x00, 0x00, 0x0C, 0x38, 0x00, 0x00, 0x0C, 0x1C, 0x00, 0x00, 
  0xFC, 0x1F, 0x00, 0x00, 0xFC, 0x07, 0x00, 0x00, 0x0C, 0x00, 0x00, 0x00, 0x0C, 0x00, 0x00, 0x00, 
  0x0C, 0x00, 0x00, 0x00, 0x0C, 0x00, 0x00, 0x00, 0x0C, 0x00, 0x00, 0x00, 0x0C, 0x00, 0x00, 0x00, 
  0x0C, 0x00, 0x00, 0x00, 0x0C, 0x00, 0x00, 0x00, 0x00, 0x00, 0x00, 0x00, 0x00, 0x00, 0x00, 0x00, 
  0x00, 0x00, 0x00, 0x00, 0x00, 0x00, 0x00, 0x00, 0x00, 0x00, 0x00, 0x00, 0x00, 0x00, 0x00, 0x00, 
},
/* "Q", 49 */
{
  0x00, 0x00, 0x00, 0x00, 0x00, 0x00, 0x00, 0x00, 0x00, 0x00, 0x00, 0x00, 0x00, 0x00, 0x00, 0x00, 
  0x00, 0x00, 0x00, 0x00, 0x80, 0x01, 0x00, 0x00, 0xF0, 0x07, 0x00, 0x00, 0xF8, 0x0F, 0x00, 0x00, 
  0x3C, 0x1C, 0x00, 0x00, 0x1C, 0x1C, 0x00, 0x00, 0x0E, 0x38, 0x00, 0x00, 0x0E, 0x38, 0x00, 0x00, 
  0x0E, 0x38, 0x00, 0x00, 0x0E, 0x38, 0x00, 0x00, 0x0E, 0x38, 0x00, 0x00, 0x0E, 0x38, 0x00, 0x00, 
  0x0E, 0x38, 0x00, 0x00, 0x0E, 0x38, 0x00, 0x00, 0x0E, 0x3A, 0x00, 0x00, 0x0E, 0x3B, 0x00, 0x00, 
  0x0E, 0x3F, 0x00, 0x00, 0x0E, 0x3F, 0x00, 0x00, 0x1C, 0x1E, 0x00, 0x00, 0x3C, 0x1E, 0x00, 0x00, 
  0xF8, 0x1F, 0x00, 0x00, 0xF0, 0x1F, 0x00, 0x00, 0xC0, 0x19, 0x00, 0x00, 0x00, 0x08, 0x00, 0x00, 
  0x00, 0x00, 0x00, 0x00, 0x00, 0x00, 0x00, 0x00, 0x00, 0x00, 0x00, 0x00, 0x00, 0x00, 0x00, 0x00, 
},
/* "R", 50 */
{
  0x00, 0x00, 0x00, 0x00, 0x00, 0x00, 0x00, 0x00, 0x00, 0x00, 0x00, 0x00, 0x00, 0x00, 0x00, 0x00, 
  0x00, 0x00, 0x00, 0x00, 0x00, 0x00, 0x00, 0x00, 0xFE, 0x07, 0x00, 0x00, 0xFE, 0x1F, 0x00, 0x00, 
  0x0E, 0x1E, 0x00, 0x00, 0x0E, 0x38, 0x00, 0x00, 0x0E, 0x38, 0x00, 0x00, 0x0E, 0x38, 0x00, 0x00, 
  0x0E, 0x38, 0x00, 0x00, 0x0E, 0x38, 0x00, 0x00, 0x0E, 0x1C, 0x00, 0x00, 0xFE, 0x1F, 0x00, 0x00, 
  0xFE, 0x07, 0x00, 0x00, 0x8E, 0x03, 0x00, 0x00, 0x0E, 0x07, 0x00, 0x00, 0x0E, 0x07, 0x00, 0x00, 
  0x0E, 0x0E, 0x00, 0x00, 0x0E, 0x0E, 0x00, 0x00, 0x0E, 0x1C, 0x00, 0x00, 0x0E, 0x1C, 0x00, 0x00, 
  0x0E, 0x38, 0x00, 0x00, 0x0E, 0x38, 0x00, 0x00, 0x00, 0x00, 0x00, 0x00, 0x00, 0x00, 0x00, 0x00, 
  0x00, 0x00, 0x00, 0x00, 0x00, 0x00, 0x00, 0x00, 0x00, 0x00, 0x00, 0x00, 0x00, 0x00, 0x00, 0x00, 
},
/* "S", 51 */
{
  0x00, 0x00, 0x00, 0x00, 0x00, 0x00, 0x00, 0x00, 0x00, 0x00, 0x00, 0x00, 0x00, 0x00, 0x00, 0x00, 
  0x00, 0x00, 0x00, 0x00, 0x80, 0x01, 0x00, 0x00, 0xF0, 0x07, 0x00, 0x00, 0xF8, 0x0F, 0x00, 0x00, 
  0x1C, 0x1E, 0x00, 0x00, 0x1C, 0x1C, 0x00, 0x00, 0x0C, 0x18, 0x00, 0x00, 0x0C, 0x00, 0x00, 0x00, 
  0x1C, 0x00, 0x00, 0x00, 0x3C, 0x00, 0x00, 0x00, 0xF8, 0x00, 0x00, 0x00, 0xF0, 0x03, 0x00, 0x00, 
  0x80, 0x0F, 0x00, 0x00, 0x00, 0x1E, 0x00, 0x00, 0x00, 0x3C, 0x00, 0x00, 0x00, 0x38, 0x00, 0x00, 
  0x0E, 0x38, 0x00, 0x00, 0x0E, 0x38, 0x00, 0x00, 0x0E, 0x38, 0x00, 0x00, 0x1C, 0x1C, 0x00, 0x00, 
  0xFC, 0x1F, 0x00, 0x00, 0xF8, 0x0F, 0x00, 0x00, 0xC0, 0x01, 0x00, 0x00, 0x00, 0x00, 0x00, 0x00, 
  0x00, 0x00, 0x00, 0x00, 0x00, 0x00, 0x00, 0x00, 0x00, 0x00, 0x00, 0x00, 0x00, 0x00, 0x00, 0x00, 
},
/* "T", 52 */
{
  0x00, 0x00, 0x00, 0x00, 0x00, 0x00, 0x00, 0x00, 0x00, 0x00, 0x00, 0x00, 0x00, 0x00, 0x00, 0x00, 
  0x00, 0x00, 0x00, 0x00, 0x00, 0x00, 0x00, 0x00, 0xFE, 0x3F, 0x00, 0x00, 0xFE, 0x3F, 0x00, 0x00, 
  0xC0, 0x01, 0x00, 0x00, 0xC0, 0x01, 0x00, 0x00, 0xC0, 0x01, 0x00, 0x00, 0xC0, 0x01, 0x00, 0x00, 
  0xC0, 0x01, 0x00, 0x00, 0xC0, 0x01, 0x00, 0x00, 0xC0, 0x01, 0x00, 0x00, 0xC0, 0x01, 0x00, 0x00, 
  0xC0, 0x01, 0x00, 0x00, 0xC0, 0x01, 0x00, 0x00, 0xC0, 0x01, 0x00, 0x00, 0xC0, 0x01, 0x00, 0x00, 
  0xC0, 0x01, 0x00, 0x00, 0xC0, 0x01, 0x00, 0x00, 0xC0, 0x01, 0x00, 0x00, 0xC0, 0x01, 0x00, 0x00, 
  0xC0, 0x01, 0x00, 0x00, 0xC0, 0x01, 0x00, 0x00, 0x00, 0x00, 0x00, 0x00, 0x00, 0x00, 0x00, 0x00, 
  0x00, 0x00, 0x00, 0x00, 0x00, 0x00, 0x00, 0x00, 0x00, 0x00, 0x00, 0x00, 0x00, 0x00, 0x00, 0x00, 
},
/* "U", 53 */
{
  0x00, 0x00, 0x00, 0x00, 0x00, 0x00, 0x00, 0x00, 0x00, 0x00, 0x00, 0x00, 0x00, 0x00, 0x00, 0x00, 
  0x00, 0x00, 0x00, 0x00, 0x00, 0x00, 0x00, 0x00, 0x0E, 0x38, 0x00, 0x00, 0x0E, 0x38, 0x00, 0x00, 
  0x0E, 0x38, 0x00, 0x00, 0x0E, 0x38, 0x00, 0x00, 0x0E, 0x38, 0x00, 0x00, 0x0E, 0x38, 0x00, 0x00, 
  0x0E, 0x38, 0x00, 0x00, 0x0E, 0x38, 0x00, 0x00, 0x0E, 0x38, 0x00, 0x00, 0x0E, 0x38, 0x00, 0x00, 
  0x0E, 0x38, 0x00, 0x00, 0x0E, 0x38, 0x00, 0x00, 0x0E, 0x38, 0x00, 0x00, 0x0E, 0x38, 0x00, 0x00, 
  0x0E, 0x38, 0x00, 0x00, 0x0E, 0x38, 0x00, 0x00, 0x1C, 0x38, 0x00, 0x00, 0x1C, 0x1C, 0x00, 0x00, 
  0xFC, 0x1F, 0x00, 0x00, 0xF8, 0x0F, 0x00, 0x00, 0xC0, 0x01, 0x00, 0x00, 0x00, 0x00, 0x00, 0x00, 
  0x00, 0x00, 0x00, 0x00, 0x00, 0x00, 0x00, 0x00, 0x00, 0x00, 0x00, 0x00, 0x00, 0x00, 0x00, 0x00, 
},
/* "V", 54 */
{
  0x00, 0x00, 0x00, 0x00, 0x00, 0x00, 0x00, 0x00, 0x00, 0x00, 0x00, 0x00, 0x00, 0x00, 0x00, 0x00, 
  0x00, 0x00, 0x00, 0x00, 0x00, 0x00, 0x00, 0x00, 0x07, 0x70, 0x00, 0x00, 0x0E, 0x38, 0x00, 0x00, 
  0x0E, 0x38, 0x00, 0x00, 0x0E, 0x38, 0x00, 0x00, 0x0C, 0x18, 0x00, 0x00, 0x1C, 0x1C, 0x00, 0x00, 
  0x1C, 0x1C, 0x00, 0x00, 0x18, 0x1C, 0x00, 0x00, 0x38, 0x0C, 0x00, 0x00, 0x38, 0x0E, 0x00, 0x00, 
  0x38, 0x0E, 0x00, 0x00, 0x30, 0x06, 0x00, 0x00, 0x70, 0x07, 0x00, 0x00, 0x70, 0x07, 0x00, 0x00, 
  0x60, 0x03, 0x00, 0x00, 0x60, 0x03, 0x00, 0x00, 0xE0, 0x03, 0x00, 0x00, 0xE0, 0x03, 0x00, 0x00, 
  0xC0, 0x01, 0x00, 0x00, 0xC0, 0x01, 0x00, 0x00, 0xC0, 0x01, 0x00, 0x00, 0x00, 0x00, 0x00, 0x00, 
  0x00, 0x00, 0x00, 0x00, 0x00, 0x00, 0x00, 0x00, 0x00, 0x00, 0x00, 0x00, 0x00, 0x00, 0x00, 0x00, 
},
/* "W", 55 */
{
  0x00, 0x00, 0x00, 0x00, 0x00, 0x00, 0x00, 0x00, 0x00, 0x00, 0x00, 0x00, 0x00, 0x00, 0x00, 0x00, 
  0x00, 0x00, 0x00, 0x00, 0x00, 0x00, 0x00, 0x00, 0xC7, 0x71, 0x00, 0x00, 0xC7, 0x71, 0x00, 0x00, 
  0xC7, 0x71, 0x00, 0x00, 0xC6, 0x31, 0x00, 0x00, 0xC6, 0x33, 0x00, 0x00, 0x66, 0x33, 0x00, 0x00, 
  0x66, 0x33, 0x00, 0x00, 0x6E, 0x3B, 0x00, 0x00, 0x6E, 0x3B, 0x00, 0x00, 0x6E, 0x3B, 0x00, 0x00, 
  0x6E, 0x3B, 0x00, 0x00, 0x2C, 0x1A, 0x00, 0x00, 0x3C, 0x1E, 0x00, 0x00, 0x3C, 0x1E, 0x00, 0x00, 
  0x3C, 0x1E, 0x00, 0x00, 0x3C, 0x1E, 0x00, 0x00, 0x3C, 0x1E, 0x00, 0x00, 0x3C, 0x1E, 0x00, 0x00, 
  0x38, 0x1C, 0x00, 0x00, 0x18, 0x0C, 0x00, 0x00, 0x18, 0x0C, 0x00, 0x00, 0x00, 0x00, 0x00, 0x00, 
  0x00, 0x00, 0x00, 0x00, 0x00, 0x00, 0x00, 0x00, 0x00, 0x00, 0x00, 0x00, 0x00, 0x00, 0x00, 0x00, 
},
/* "X", 56 */
{
  0x00, 0x00, 0x00, 0x00, 0x00, 0x00, 0x00, 0x00, 0x00, 0x00, 0x00, 0x00, 0x00, 0x00, 0x00, 0x00, 
  0x00, 0x00, 0x00, 0x00, 0x00, 0x00, 0x00, 0x00, 0x0C, 0x38, 0x00, 0x00, 0x1C, 0x1C, 0x00, 0x00, 
  0x18, 0x0C, 0x00, 0x00, 0x38, 0x0E, 0x00, 0x00, 0x30, 0x06, 0x00, 0x00, 0x70, 0x07, 0x00, 0x00, 
  0x60, 0x03, 0x00, 0x00, 0xE0, 0x03, 0x00, 0x00, 0xC0, 0x01, 0x00, 0x00, 0xC0, 0x01, 0x00, 0x00, 
  0xC0, 0x01, 0x00, 0x00, 0xE0, 0x03, 0x00, 0x00, 0x60, 0x03, 0x00, 0x00, 0x70, 0x07, 0x00, 0x00, 
  0x30, 0x06, 0x00, 0x00, 0x38, 0x0E, 0x00, 0x00, 0x18, 0x0C, 0x00, 0x00, 0x1C, 0x1C, 0x00, 0x00, 
  0x0E, 0x38, 0x00, 0x00, 0x0E, 0x38, 0x00, 0x00, 0x00, 0x00, 0x00, 0x00, 0x00, 0x00, 0x00, 0x00, 
  0x00, 0x00, 0x00, 0x00, 0x00, 0x00, 0x00, 0x00, 0x00, 0x00, 0x00, 0x00, 0x00, 0x00, 0x00, 0x00, 
},
/* "Y", 57 */
{
  0x00, 0x00, 0x00, 0x00, 0x00, 0x00, 0x00, 0x00, 0x00, 0x00, 0x00, 0x00, 0x00, 0x00, 0x00, 0x00, 
  0x00, 0x00, 0x00, 0x00, 0x00, 0x00, 0x00, 0x00, 0x0E, 0x38, 0x00, 0x00, 0x0E, 0x38, 0x00, 0x00, 
  0x1C, 0x18, 0x00, 0x00, 0x1C, 0x1C, 0x00, 0x00, 0x38, 0x0C, 0x00, 0x00, 0x38, 0x0E, 0x00, 0x00, 
  0x70, 0x06, 0x00, 0x00, 0x70, 0x07, 0x00, 0x00, 0xE0, 0x03, 0x00, 0x00, 0xE0, 0x03, 0x00, 0x00, 
  0xC0, 0x01, 0x00, 0x00, 0xC0, 0x01, 0x00, 0x00, 0xC0, 0x01, 0x00, 0x00, 0xC0, 0x01, 0x00, 0x00, 
  0xC0, 0x01, 0x00, 0x00, 0xC0, 0x01, 0x00, 0x00, 0xC0, 0x01, 0x00, 0x00, 0xC0, 0x01, 0x00, 0x00, 
  0xC0, 0x01, 0x00, 0x00, 0xC0, 0x01, 0x00, 0x00, 0x00, 0x00, 0x00, 0x00, 0x00, 0x00, 0x00, 0x00, 
  0x00, 0x00, 0x00, 0x00, 0x00, 0x00, 0x00, 0x00, 0x00, 0x00, 0x00, 0x00, 0x00, 0x00, 0x00, 0x00, 
},
/* "Z", 58 */
{
  0x00, 0x00, 0x00, 0x00, 0x00, 0x00, 0x00, 0x00, 0x00, 0x00, 0x00, 0x00, 0x00, 0x00, 0x00, 0x00, 
  0x00, 0x00, 0x00, 0x00, 0x00, 0x00, 0x00, 0x00, 0xFC, 0x3F, 0x00, 0x00, 0xFC, 0x3F, 0x00, 0x00, 
  0x00, 0x18, 0x00, 0x00, 0x00, 0x1C, 0x00, 0x00, 0x00, 0x0E, 0x00, 0x00, 0x00, 0x0E, 0x00, 0x00, 
  0x00, 0x07, 0x00, 0x00, 0x00, 0x03, 0x00, 0x00, 0x80, 0x03, 0x00, 0x00, 0xC0, 0x01, 0x00, 0x00, 
  0xC0, 0x01, 0x00, 0x00, 0xE0, 0x00, 0x00, 0x00, 0x60, 0x00, 0x00, 0x00, 0x70, 0x00, 0x00, 0x00, 
  0x38, 0x00, 0x00, 0x00, 0x18, 0x00, 0x00, 0x00, 0x1C, 0x00, 0x00, 0x00, 0x0E, 0x00, 0x00, 0x00, 
  0xFE, 0x3F, 0x00, 0x00, 0xFE, 0x3F, 0x00, 0x00, 0x00, 0x00, 0x00, 0x00, 0x00, 0x00, 0x00, 0x00, 
  0x00, 0x00, 0x00, 0x00, 0x00, 0x00, 0x00, 0x00, 0x00, 0x00, 0x00, 0x00, 0x00, 0x00, 0x00, 0x00, 
},
/* "[", 59 */
{
  0x00, 0x00, 0x00, 0x00, 0x00, 0x00, 0x00, 0x00, 0x00, 0x00, 0x00, 0x00, 0xC0, 0x3F, 0x00, 0x00, 
  0xC0, 0x00, 0x00, 0x00, 0xC0, 0x00, 0x00, 0x00, 0xC0, 0x00, 0x00, 0x00, 0xC0, 0x00, 0x00, 0x00, 
  0xC0, 0x00, 0x00, 0x00, 0xC0, 0x00, 0x00, 0x00, 0xC0, 0x00, 0x00, 0x00, 0xC0, 0x00, 0x00, 0x00, 
  0xC0, 0x00, 0x00, 0x00, 0xC0, 0x00, 0x00, 0x00, 0xC0, 0x00, 0x00, 0x00, 0xC0, 0x00, 0x00, 0x00, 
  0xC0, 0x00, 0x00, 0x00, 0xC0, 0x00, 0x00, 0x00, 0xC0, 0x00, 0x00, 0x00, 0xC0, 0x00, 0x00, 0x00, 
  0xC0, 0x00, 0x00, 0x00, 0xC0, 0x00, 0x00, 0x00, 0xC0, 0x00, 0x00, 0x00, 0xC0, 0x00, 0x00, 0x00, 
  0xC0, 0x00, 0x00, 0x00, 0xC0, 0x00, 0x00, 0x00, 0xC0, 0x00, 0x00, 0x00, 0xC0, 0x00, 0x00, 0x00, 
  0xC0, 0x3F, 0x00, 0x00, 0xC0, 0x3F, 0x00, 0x00, 0x00, 0x00, 0x00, 0x00, 0x00, 0x00, 0x00, 0x00, 
},
/* "\", 60 */
{
  0x00, 0x00, 0x00, 0x00, 0x00, 0x00, 0x00, 0x00, 0x00, 0x00, 0x00, 0x00, 0x00, 0x00, 0x00, 0x00, 
  0x00, 0x00, 0x00, 0x00, 0x0C, 0x00, 0x00, 0x00, 0x0C, 0x00, 0x00, 0x00, 0x18, 0x00, 0x00, 0x00, 
  0x18, 0x00, 0x00, 0x00, 0x18, 0x00, 0x00, 0x00, 0x30, 0x00, 0x00, 0x00, 0x30, 0x00, 0x00, 0x00, 
  0x60, 0x00, 0x00, 0x00, 0x60, 0x00, 0x00, 0x00, 0x60, 0x00, 0x00, 0x00, 0xC0, 0x00, 0x00, 0x00, 
  0xC0, 0x00, 0x00, 0x00, 0x80, 0x01, 0x00, 0x00, 0x80, 0x01, 0x00, 0x00, 0x80, 0x01, 0x00, 0x00, 
  0x00, 0x03, 0x00, 0x00, 0x00, 0x03, 0x00, 0x00, 0x00, 0x06, 0x00, 0x00, 0x00, 0x06, 0x00, 0x00, 
  0x00, 0x06, 0x00, 0x00, 0x00, 0x0C, 0x00, 0x00, 0x00, 0x0C, 0x00, 0x00, 0x00, 0x18, 0x00, 0x00, 
  0x00, 0x18, 0x00, 0x00, 0x00, 0x18, 0x00, 0x00, 0x00, 0x00, 0x00, 0x00, 0x00, 0x00, 0x00, 0x00, 
},
/* "]", 61 */
{
  0x00, 0x00, 0x00, 0x00, 0x00, 0x00, 0x00, 0x00, 0x00, 0x00, 0x00, 0x00, 0xFE, 0x01, 0x00, 0x00, 
  0x80, 0x01, 0x00, 0x00, 0x80, 0x01, 0x00, 0x00, 0x80, 0x01, 0x00, 0x00, 0x80, 0x01, 0x00, 0x00, 
  0x80, 0x01, 0x00, 0x00, 0x80, 0x01, 0x00, 0x00, 0x80, 0x01, 0x00, 0x00, 0x80, 0x01, 0x00, 0x00, 
  0x80, 0x01, 0x00, 0x00, 0x80, 0x01, 0x00, 0x00, 0x80, 0x01, 0x00, 0x00, 0x80, 0x01, 0x00, 0x00, 
  0x80, 0x01, 0x00, 0x00, 0x80, 0x01, 0x00, 0x00, 0x80, 0x01, 0x00, 0x00, 0x80, 0x01, 0x00, 0x00, 
  0x80, 0x01, 0x00, 0x00, 0x80, 0x01, 0x00, 0x00, 0x80, 0x01, 0x00, 0x00, 0x80, 0x01, 0x00, 0x00, 
  0x80, 0x01, 0x00, 0x00, 0x80, 0x01, 0x00, 0x00, 0x80, 0x01, 0x00, 0x00, 0x80, 0x01, 0x00, 0x00, 
  0xFE, 0x01, 0x00, 0x00, 0xFE, 0x01, 0x00, 0x00, 0x00, 0x00, 0x00, 0x00, 0x00, 0x00, 0x00, 0x00, 
},
/* "^", 62 */
{
  0x00, 0x00, 0x00, 0x00, 0x00, 0x00, 0x00, 0x00, 0xC0, 0x01, 0x00, 0x00, 0xE0, 0x03, 0x00, 0x00, 
  0x70, 0x07, 0x00, 0x00, 0x38, 0x0E, 0x00, 0x00, 0x0C, 0x18, 0x00, 0x00, 0x00, 0x00, 0x00, 0x00, 
  0x00, 0x00, 0x00, 0x00, 0x00, 0x00, 0x00, 0x00, 0x00, 0x00, 0x00, 0x00, 0x00, 0x00, 0x00, 0x00, 
  0x00, 0x00, 0x00, 0x00, 0x00, 0x00, 0x00, 0x00, 0x00, 0x00, 0x00, 0x00, 0x00, 0x00, 0x00, 0x00, 
  0x00, 0x00, 0x00, 0x00, 0x00, 0x00, 0x00, 0x00, 0x00, 0x00, 0x00, 0x00, 0x00, 0x00, 0x00, 0x00, 
  0x00, 0x00, 0x00, 0x00, 0x00, 0x00, 0x00, 0x00, 0x00, 0x00, 0x00, 0x00, 0x00, 0x00, 0x00, 0x00, 
  0x00, 0x00, 0x00, 0x00, 0x00, 0x00, 0x00, 0x00, 0x00, 0x00, 0x00, 0x00, 0x00, 0x00, 0x00, 0x00, 
  0x00, 0x00, 0x00, 0x00, 0x00, 0x00, 0x00, 0x00, 0x00, 0x00, 0x00, 0x00, 0x00, 0x00, 0x00, 0x00, 
},
/* "_", 63 */
{
  0x00, 0x00, 0x00, 0x00, 0x00, 0x00, 0x00, 0x00, 0x00, 0x00, 0x00, 0x00, 0x00, 0x00, 0x00, 0x00, 
  0x00, 0x00, 0x00, 0x00, 0x00, 0x00, 0x00, 0x00, 0x00, 0x00, 0x00, 0x00, 0x00, 0x00, 0x00, 0x00, 
  0x00, 0x00, 0x00, 0x00, 0x00, 0x00, 0x00, 0x00, 0x00, 0x00, 0x00, 0x00, 0x00, 0x00, 0x00, 0x00, 
  0x00, 0x00, 0x00, 0x00, 0x00, 0x00, 0x00, 0x00, 0x00, 0x00, 0x00, 0x00, 0x00, 0x00, 0x00, 0x00, 
  0x00, 0x00, 0x00, 0x00, 0x00, 0x00, 0x00, 0x00, 0x00, 0x00, 0x00, 0x00, 0x00, 0x00, 0x00, 0x00, 
  0x00, 0x00, 0x00, 0x00, 0x00, 0x00, 0x00, 0x00, 0x00, 0x00, 0x00, 0x00, 0x00, 0x00, 0x00, 0x00, 
  0x00, 0x00, 0x00, 0x00, 0x00, 0x00, 0x00, 0x00, 0x00, 0x00, 0x00, 0x00, 0x00, 0x00, 0x00, 0x00, 
  0x00, 0x00, 0x00, 0x00, 0x00, 0x00, 0x00, 0x00, 0xFF, 0x7F, 0x00, 0x00, 0x00, 0x00, 0x00, 0x00, 
},
/* "`", 64 */
{
  0x00, 0x00, 0x00, 0x00, 0x00, 0x00, 0x00, 0x00, 0xF0, 0x00, 0x00, 0x00, 0xE0, 0x00, 0x00, 0x00, 
  0xC0, 0x01, 0x00, 0x00, 0x80, 0x03, 0x00, 0x00, 0x00, 0x03, 0x00, 0x00, 0x00, 0x06, 0x00, 0x00, 
  0x00, 0x00, 0x00, 0x00, 0x00, 0x00, 0x00, 0x00, 0x00, 0x00, 0x00, 0x00, 0x00, 0x00, 0x00, 0x00, 
  0x00, 0x00, 0x00, 0x00, 0x00, 0x00, 0x00, 0x00, 0x00, 0x00, 0x00, 0x00, 0x00, 0x00, 0x00, 0x00, 
  0x00, 0x00, 0x00, 0x00, 0x00, 0x00, 0x00, 0x00, 0x00, 0x00, 0x00, 0x00, 0x00, 0x00, 0x00, 0x00, 
  0x00, 0x00, 0x00, 0x00, 0x00, 0x00, 0x00, 0x00, 0x00, 0x00, 0x00, 0x00, 0x00, 0x00, 0x00, 0x00, 
  0x00, 0x00, 0x00, 0x00, 0x00, 0x00, 0x00, 0x00, 0x00, 0x00, 0x00, 0x00, 0x00, 0x00, 0x00, 0x00, 
  0x00, 0x00, 0x00, 0x00, 0x00, 0x00, 0x00, 0x00, 0x00, 0x00, 0x00, 0x00, 0x00, 0x00, 0x00, 0x00, 
},
/* "a", 65 */
{
  0x00, 0x00, 0x00, 0x00, 0x00, 0x00, 0x00, 0x00, 0x00, 0x00, 0x00, 0x00, 0x00, 0x00, 0x00, 0x00, 
  0x00, 0x00, 0x00, 0x00, 0x00, 0x00, 0x00, 0x00, 0x00, 0x00, 0x00, 0x00, 0x00, 0x00, 0x00, 0x00, 
  0x00, 0x00, 0x00, 0x00, 0x00, 0x00, 0x00, 0x00, 0x00, 0x00, 0x00, 0x00, 0x00, 0x00, 0x00, 0x00, 
  0x00, 0x00, 0x00, 0x00, 0xF0, 0x07, 0x00, 0x00, 0xF8, 0x0F, 0x00, 0x00, 0x1C, 0x1C, 0x00, 0x00, 
  0x1C, 0x1C, 0x00, 0x00, 0x00, 0x1C, 0x00, 0x00, 0xC0, 0x1F, 0x00, 0x00, 0xF8, 0x1B, 0x00, 0x00, 
  0x3C, 0x18, 0x00, 0x00, 0x0C, 0x18, 0x00, 0x00, 0x0E, 0x1C, 0x00, 0x00, 0x0E, 0x1E, 0x00, 0x00, 
  0xFC, 0x1F, 0x00, 0x00, 0xFC, 0x1B, 0x00, 0x00, 0x60, 0x00, 0x00, 0x00, 0x00, 0x00, 0x00, 0x00, 
  0x00, 0x00, 0x00, 0x00, 0x00, 0x00, 0x00, 0x00, 0x00, 0x00, 0x00, 0x00, 0x00, 0x00, 0x00, 0x00, 
},
/* "b", 66 */
{
  0x00, 0x00, 0x00, 0x00, 0x00, 0x00, 0x00, 0x00, 0x00, 0x00, 0x00, 0x00, 0x00, 0x00, 0x00, 0x00, 
  0x00, 0x00, 0x00, 0x00, 0x00, 0x00, 0x00, 0x00, 0x0E, 0x00, 0x00, 0x00, 0x0E, 0x00, 0x00, 0x00, 
  0x0E, 0x00, 0x00, 0x00, 0x0E, 0x00, 0x00, 0x00, 0x0E, 0x00, 0x00, 0x00, 0x0E, 0x00, 0x00, 0x00, 
  0x8E, 0x00, 0x00, 0x00, 0xEE, 0x07, 0x00, 0x00, 0xFE, 0x0F, 0x00, 0x00, 0x1E, 0x1C, 0x00, 0x00, 
  0x1E, 0x1C, 0x00, 0x00, 0x0E, 0x38, 0x00, 0x00, 0x0E, 0x38, 0x00, 0x00, 0x0E, 0x38, 0x00, 0x00, 
  0x0E, 0x38, 0x00, 0x00, 0x0E, 0x38, 0x00, 0x00, 0x0E, 0x1C, 0x00, 0x00, 0x1E, 0x1C, 0x00, 0x00, 
  0xFE, 0x0F, 0x00, 0x00, 0xEE, 0x07, 0x00, 0x00, 0x80, 0x01, 0x00, 0x00, 0x00, 0x00, 0x00, 0x00, 
  0x00, 0x00, 0x00, 0x00, 0x00, 0x00, 0x00, 0x00, 0x00, 0x00, 0x00, 0x00, 0x00, 0x00, 0x00, 0x00, 
},
/* "c", 67 */
{
  0x00, 0x00, 0x00, 0x00, 0x00, 0x00, 0x00, 0x00, 0x00, 0x00, 0x00, 0x00, 0x00, 0x00, 0x00, 0x00, 
  0x00, 0x00, 0x00, 0x00, 0x00, 0x00, 0x00, 0x00, 0x00, 0x00, 0x00, 0x00, 0x00, 0x00, 0x00, 0x00, 
  0x00, 0x00, 0x00, 0x00, 0x00, 0x00, 0x00, 0x00, 0x00, 0x00, 0x00, 0x00, 0x00, 0x00, 0x00, 0x00, 
  0x00, 0x00, 0x00, 0x00, 0xF0, 0x07, 0x00, 0x00, 0xF8, 0x0F, 0x00, 0x00, 0x1C, 0x1C, 0x00, 0x00, 
  0x0C, 0x18, 0x00, 0x00, 0x0E, 0x00, 0x00, 0x00, 0x0E, 0x00, 0x00, 0x00, 0x0E, 0x00, 0x00, 0x00, 
  0x0E, 0x00, 0x00, 0x00, 0x0E, 0x38, 0x00, 0x00, 0x0C, 0x38, 0x00, 0x00, 0x1C, 0x1C, 0x00, 0x00, 
  0xF8, 0x1F, 0x00, 0x00, 0xF0, 0x0F, 0x00, 0x00, 0xC0, 0x01, 0x00, 0x00, 0x00, 0x00, 0x00, 0x00, 
  0x00, 0x00, 0x00, 0x00, 0x00, 0x00, 0x00, 0x00, 0x00, 0x00, 0x00, 0x00, 0x00, 0x00, 0x00, 0x00, 
},
/* "d", 68 */
{
  0x00, 0x00, 0x00, 0x00, 0x00, 0x00, 0x00, 0x00, 0x00, 0x00, 0x00, 0x00, 0x00, 0x00, 0x00, 0x00, 
  0x00, 0x00, 0x00, 0x00, 0x00, 0x00, 0x00, 0x00, 0x00, 0x18, 0x00, 0x00, 0x00, 0x18, 0x00, 0x00, 
  0x00, 0x18, 0x00, 0x00, 0x00, 0x18, 0x00, 0x00, 0x00, 0x18, 0x00, 0x00, 0x00, 0x18, 0x00, 0x00, 
  0xC0, 0x18, 0x00, 0x00, 0xF0, 0x1B, 0x00, 0x00, 0xF8, 0x1F, 0x00, 0x00, 0x1C, 0x1E, 0x00, 0x00, 
  0x0C, 0x1C, 0x00, 0x00, 0x0E, 0x18, 0x00, 0x00, 0x0E, 0x18, 0x00, 0x00, 0x0E, 0x18, 0x00, 0x00, 
  0x0E, 0x18, 0x00, 0x00, 0x0E, 0x18, 0x00, 0x00, 0x0E, 0x1C, 0x00, 0x00, 0x1C, 0x1C, 0x00, 0x00, 
  0xFC, 0x1F, 0x00, 0x00, 0xF8, 0x1B, 0x00, 0x00, 0xC0, 0x00, 0x00, 0x00, 0x00, 0x00, 0x00, 0x00, 
  0x00, 0x00, 0x00, 0x00, 0x00, 0x00, 0x00, 0x00, 0x00, 0x00, 0x00, 0x00, 0x00, 0x00, 0x00, 0x00, 
},
/* "e", 69 */
{
  0x00, 0x00, 0x00, 0x00, 0x00, 0x00, 0x00, 0x00, 0x00, 0x00, 0x00, 0x00, 0x00, 0x00, 0x00, 0x00, 
  0x00, 0x00, 0x00, 0x00, 0x00, 0x00, 0x00, 0x00, 0x00, 0x00, 0x00, 0x00, 0x00, 0x00, 0x00, 0x00, 
  0x00, 0x00, 0x00, 0x00, 0x00, 0x00, 0x00, 0x00, 0x00, 0x00, 0x00, 0x00, 0x00, 0x00, 0x00, 0x00, 
  0x00, 0x00, 0x00, 0x00, 0xF0, 0x07, 0x00, 0x00, 0xF8, 0x0F, 0x00, 0x00, 0x1C, 0x1C, 0x00, 0x00, 
  0x0C, 0x18, 0x00, 0x00, 0x0E, 0x38, 0x00, 0x00, 0xFE, 0x3F, 0x00, 0x00, 0xFE, 0x3F, 0x00, 0x00, 
  0x0E, 0x00, 0x00, 0x00, 0x0E, 0x00, 0x00, 0x00, 0x0C, 0x38, 0x00, 0x00, 0x1C, 0x1C, 0x00, 0x00, 
  0xF8, 0x1F, 0x00, 0x00, 0xF0, 0x0F, 0x00, 0x00, 0xC0, 0x01, 0x00, 0x00, 0x00, 0x00, 0x00, 0x00, 
  0x00, 0x00, 0x00, 0x00, 0x00, 0x00, 0x00, 0x00, 0x00, 0x00, 0x00, 0x00, 0x00, 0x00, 0x00, 0x00, 
},
/* "f", 70 */
{
  0x00, 0x00, 0x00, 0x00, 0x00, 0x00, 0x00, 0x00, 0x00, 0x00, 0x00, 0x00, 0x00, 0x00, 0x00, 0x00, 
  0x00, 0x00, 0x00, 0x00, 0x00, 0x0E, 0x00, 0x00, 0x80, 0x3F, 0x00, 0x00, 0xC0, 0x3F, 0x00, 0x00, 
  0xC0, 0x00, 0x00, 0x00, 0xE0, 0x00, 0x00, 0x00, 0xE0, 0x00, 0x00, 0x00, 0xE0, 0x00, 0x00, 0x00, 
  0xE0, 0x00, 0x00, 0x00, 0xFE, 0x1F, 0x00, 0x00, 0xFE, 0x1F, 0x00, 0x00, 0xE0, 0x00, 0x00, 0x00, 
  0xE0, 0x00, 0x00, 0x00, 0xE0, 0x00, 0x00, 0x00, 0xE0, 0x00, 0x00, 0x00, 0xE0, 0x00, 0x00, 0x00, 
  0xE0, 0x00, 0x00, 0x00, 0xE0, 0x00, 0x00, 0x00, 0xE0, 0x00, 0x00, 0x00, 0xE0, 0x00, 0x00, 0x00, 
  0xE0, 0x00, 0x00, 0x00, 0xE0, 0x00, 0x00, 0x00, 0x00, 0x00, 0x00, 0x00, 0x00, 0x00, 0x00, 0x00, 
  0x00, 0x00, 0x00, 0x00, 0x00, 0x00, 0x00, 0x00, 0x00, 0x00, 0x00, 0x00, 0x00, 0x00, 0x00, 0x00, 
},
/* "g", 71 */
{
  0x00, 0x00, 0x00, 0x00, 0x00, 0x00, 0x00, 0x00, 0x00, 0x00, 0x00, 0x00, 0x00, 0x00, 0x00, 0x00, 
  0x00, 0x00, 0x00, 0x00, 0x00, 0x00, 0x00, 0x00, 0x00, 0x00, 0x00, 0x00, 0x00, 0x00, 0x00, 0x00, 
  0x00, 0x00, 0x00, 0x00, 0x00, 0x00, 0x00, 0x00, 0x00, 0x00, 0x00, 0x00, 0x00, 0x00, 0x00, 0x00, 
  0x00, 0x00, 0x00, 0x00, 0xF0, 0x3B, 0x00, 0x00, 0xF8, 0x3F, 0x00, 0x00, 0x18, 0x0E, 0x00, 0x00, 
  0x1C, 0x0E, 0x00, 0x00, 0x1C, 0x0C, 0x00, 0x00, 0x1C, 0x0E, 0x00, 0x00, 0x38, 0x06, 0x00, 0x00, 
  0xF0, 0x07, 0x00, 0x00, 0xEC, 0x01, 0x00, 0x00, 0x0C, 0x00, 0x00, 0x00, 0x1C, 0x00, 0x00, 0x00, 
  0xF8, 0x0F, 0x00, 0x00, 0xF8, 0x1F, 0x00, 0x00, 0x0C, 0x38, 0x00, 0x00, 0x06, 0x30, 0x00, 0x00, 
  0x0E, 0x38, 0x00, 0x00, 0xFC, 0x1F, 0x00, 0x00, 0xF0, 0x07, 0x00, 0x00, 0x00, 0x00, 0x00, 0x00, 
},
/* "h", 72 */
{
  0x00, 0x00, 0x00, 0x00, 0x00, 0x00, 0x00, 0x00, 0x00, 0x00, 0x00, 0x00, 0x00, 0x00, 0x00, 0x00, 
  0x00, 0x00, 0x00, 0x00, 0x00, 0x00, 0x00, 0x00, 0x0C, 0x00, 0x00, 0x00, 0x0C, 0x00, 0x00, 0x00, 
  0x0C, 0x00, 0x00, 0x00, 0x0C, 0x00, 0x00, 0x00, 0x0C, 0x00, 0x00, 0x00, 0x0C, 0x00, 0x00, 0x00, 
  0x0C, 0x00, 0x00, 0x00, 0xCC, 0x0F, 0x00, 0x00, 0xEC, 0x1F, 0x00, 0x00, 0x3C, 0x18, 0x00, 0x00, 
  0x1C, 0x38, 0x00, 0x00, 0x1C, 0x38, 0x00, 0x00, 0x0C, 0x38, 0x00, 0x00, 0x0C, 0x38, 0x00, 0x00, 
  0x0C, 0x38, 0x00, 0x00, 0x0C, 0x38, 0x00, 0x00, 0x0C, 0x38, 0x00, 0x00, 0x0C, 0x38, 0x00, 0x00, 
  0x0C, 0x38, 0x00, 0x00, 0x0C, 0x38, 0x00, 0x00, 0x00, 0x00, 0x00, 0x00, 0x00, 0x00, 0x00, 0x00, 
  0x00, 0x00, 0x00, 0x00, 0x00, 0x00, 0x00, 0x00, 0x00, 0x00, 0x00, 0x00, 0x00, 0x00, 0x00, 0x00, 
},
/* "i", 73 */
{
  0x00, 0x00, 0x00, 0x00, 0x00, 0x00, 0x00, 0x00, 0x00, 0x00, 0x00, 0x00, 0x00, 0x00, 0x00, 0x00, 
  0x00, 0x00, 0x00, 0x00, 0x00, 0x00, 0x00, 0x00, 0xC0, 0x01, 0x00, 0x00, 0xC0, 0x01, 0x00, 0x00, 
  0xC0, 0x01, 0x00, 0x00, 0x00, 0x00, 0x00, 0x00, 0x00, 0x00, 0x00, 0x00, 0x00, 0x00, 0x00, 0x00, 
  0x00, 0x00, 0x00, 0x00, 0xC0, 0x01, 0x00, 0x00, 0xC0, 0x01, 0x00, 0x00, 0xC0, 0x01, 0x00, 0x00, 
  0xC0, 0x01, 0x00, 0x00, 0xC0, 0x01, 0x00, 0x00, 0xC0, 0x01, 0x00, 0x00, 0xC0, 0x01, 0x00, 0x00, 
  0xC0, 0x01, 0x00, 0x00, 0xC0, 0x01, 0x00, 0x00, 0xC0, 0x01, 0x00, 0x00, 0xC0, 0x01, 0x00, 0x00, 
  0xC0, 0x01, 0x00, 0x00, 0xC0, 0x01, 0x00, 0x00, 0x00, 0x00, 0x00, 0x00, 0x00, 0x00, 0x00, 0x00, 
  0x00, 0x00, 0x00, 0x00, 0x00, 0x00, 0x00, 0x00, 0x00, 0x00, 0x00, 0x00, 0x00, 0x00, 0x00, 0x00, 
},
/* "j", 74 */
{
  0x00, 0x00, 0x00, 0x00, 0x00, 0x00, 0x00, 0x00, 0x00, 0x00, 0x00, 0x00, 0x00, 0x00, 0x00, 0x00, 
  0x00, 0x00, 0x00, 0x00, 0x00, 0x00, 0x00, 0x00, 0x00, 0x07, 0x00, 0x00, 0x00, 0x0F, 0x00, 0x00, 
  0x00, 0x06, 0x00, 0x00, 0x00, 0x00, 0x00, 0x00, 0x00, 0x00, 0x00, 0x00, 0x00, 0x00, 0x00, 0x00, 
  0x00, 0x00, 0x00, 0x00, 0x00, 0x06, 0x00, 0x00, 0x00, 0x06, 0x00, 0x00, 0x00, 0x06, 0x00, 0x00, 
  0x00, 0x06, 0x00, 0x00, 0x00, 0x06, 0x00, 0x00, 0x00, 0x06, 0x00, 0x00, 0x00, 0x06, 0x00, 0x00, 
  0x00, 0x06, 0x00, 0x00, 0x00, 0x06, 0x00, 0x00, 0x00, 0x06, 0x00, 0x00, 0x00, 0x06, 0x00, 0x00, 
  0x00, 0x06, 0x00, 0x00, 0x00, 0x06, 0x00, 0x00, 0x00, 0x06, 0x00, 0x00, 0x00, 0x06, 0x00, 0x00, 
  0x08, 0x07, 0x00, 0x00, 0xF8, 0x03, 0x00, 0x00, 0xF8, 0x00, 0x00, 0x00, 0x00, 0x00, 0x00, 0x00, 
},
/* "k", 75 */
{
  0x00, 0x00, 0x00, 0x00, 0x00, 0x00, 0x00, 0x00, 0x00, 0x00, 0x00, 0x00, 0x00, 0x00, 0x00, 0x00, 
  0x00, 0x00, 0x00, 0x00, 0x00, 0x00, 0x00, 0x00, 0x0C, 0x00, 0x00, 0x00, 0x0C, 0x00, 0x00, 0x00, 
  0x0C, 0x00, 0x00, 0x00, 0x0C, 0x00, 0x00, 0x00, 0x0C, 0x00, 0x00, 0x00, 0x0C, 0x00, 0x00, 0x00, 
  0x0C, 0x00, 0x00, 0x00, 0x0C, 0x1C, 0x00, 0x00, 0x0C, 0x0E, 0x00, 0x00, 0x0C, 0x07, 0x00, 0x00, 
  0x8C, 0x03, 0x00, 0x00, 0xCC, 0x01, 0x00, 0x00, 0xEC, 0x01, 0x00, 0x00, 0xFC, 0x03, 0x00, 0x00, 
  0x1C, 0x07, 0x00, 0x00, 0x0C, 0x06, 0x00, 0x00, 0x0C, 0x0E, 0x00, 0x00, 0x0C, 0x0C, 0x00, 0x00, 
  0x0C, 0x1C, 0x00, 0x00, 0x0C, 0x38, 0x00, 0x00, 0x00, 0x00, 0x00, 0x00, 0x00, 0x00, 0x00, 0x00, 
  0x00, 0x00, 0x00, 0x00, 0x00, 0x00, 0x00, 0x00, 0x00, 0x00, 0x00, 0x00, 0x00, 0x00, 0x00, 0x00, 
},
/* "l", 76 */
{
  0x00, 0x00, 0x00, 0x00, 0x00, 0x00, 0x00, 0x00, 0x00, 0x00, 0x00, 0x00, 0x00, 0x00, 0x00, 0x00, 
  0x00, 0x00, 0x00, 0x00, 0x00, 0x00, 0x00, 0x00, 0xC0, 0x01, 0x00, 0x00, 0xC0, 0x01, 0x00, 0x00, 
  0xC0, 0x01, 0x00, 0x00, 0xC0, 0x01, 0x00, 0x00, 0xC0, 0x01, 0x00, 0x00, 0xC0, 0x01, 0x00, 0x00, 
  0xC0, 0x01, 0x00, 0x00, 0xC0, 0x01, 0x00, 0x00, 0xC0, 0x01, 0x00, 0x00, 0xC0, 0x01, 0x00, 0x00, 
  0xC0, 0x01, 0x00, 0x00, 0xC0, 0x01, 0x00, 0x00, 0xC0, 0x01, 0x00, 0x00, 0xC0, 0x01, 0x00, 0x00, 
  0xC0, 0x01, 0x00, 0x00, 0xC0, 0x01, 0x00, 0x00, 0xC0, 0x01, 0x00, 0x00, 0xC0, 0x01, 0x00, 0x00, 
  0xC0, 0x01, 0x00, 0x00, 0xC0, 0x01, 0x00, 0x00, 0x00, 0x00, 0x00, 0x00, 0x00, 0x00, 0x00, 0x00, 
  0x00, 0x00, 0x00, 0x00, 0x00, 0x00, 0x00, 0x00, 0x00, 0x00, 0x00, 0x00, 0x00, 0x00, 0x00, 0x00, 
},
/* "m", 77 */
{
  0x00, 0x00, 0x00, 0x00, 0x00, 0x00, 0x00, 0x00, 0x00, 0x00, 0x00, 0x00, 0x00, 0x00, 0x00, 0x00, 
  0x00, 0x00, 0x00, 0x00, 0x00, 0x00, 0x00, 0x00, 0x00, 0x00, 0x00, 0x00, 0x00, 0x00, 0x00, 0x00, 
  0x00, 0x00, 0x00, 0x00, 0x00, 0x00, 0x00, 0x00, 0x00, 0x00, 0x00, 0x00, 0x00, 0x00, 0x00, 0x00, 
  0x00, 0x00, 0x00, 0x00, 0xF7, 0x3C, 0x00, 0x00, 0xFF, 0x7F, 0x00, 0x00, 0xCF, 0x73, 0x00, 0x00, 
  0xC7, 0x71, 0x00, 0x00, 0xC7, 0x71, 0x00, 0x00, 0xC7, 0x71, 0x00, 0x00, 0xC7, 0x71, 0x00, 0x00, 
  0xC7, 0x71, 0x00, 0x00, 0xC7, 0x71, 0x00, 0x00, 0xC7, 0x71, 0x00, 0x00, 0xC7, 0x71, 0x00, 0x00, 
  0xC7, 0x71, 0x00, 0x00, 0xC7, 0x71, 0x00, 0x00, 0x00, 0x00, 0x00, 0x00, 0x00, 0x00, 0x00, 0x00, 
  0x00, 0x00, 0x00, 0x00, 0x00, 0x00, 0x00, 0x00, 0x00, 0x00, 0x00, 0x00, 0x00, 0x00, 0x00, 0x00, 
},
/* "n", 78 */
{
  0x00, 0x00, 0x00, 0x00, 0x00, 0x00, 0x00, 0x00, 0x00, 0x00, 0x00, 0x00, 0x00, 0x00, 0x00, 0x00, 
  0x00, 0x00, 0x00, 0x00, 0x00, 0x00, 0x00, 0x00, 0x00, 0x00, 0x00, 0x00, 0x00, 0x00, 0x00, 0x00, 
  0x00, 0x00, 0x00, 0x00, 0x00, 0x00, 0x00, 0x00, 0x00, 0x00, 0x00, 0x00, 0x00, 0x00, 0x00, 0x00, 
  0x00, 0x00, 0x00, 0x00, 0xCC, 0x0F, 0x00, 0x00, 0xEC, 0x1F, 0x00, 0x00, 0x3C, 0x18, 0x00, 0x00, 
  0x1C, 0x38, 0x00, 0x00, 0x1C, 0x38, 0x00, 0x00, 0x0C, 0x38, 0x00, 0x00, 0x0C, 0x38, 0x00, 0x00, 
  0x0C, 0x38, 0x00, 0x00, 0x0C, 0x38, 0x00, 0x00, 0x0C, 0x38, 0x00, 0x00, 0x0C, 0x38, 0x00, 0x00, 
  0x0C, 0x38, 0x00, 0x00, 0x0C, 0x38, 0x00, 0x00, 0x00, 0x00, 0x00, 0x00, 0x00, 0x00, 0x00, 0x00, 
  0x00, 0x00, 0x00, 0x00, 0x00, 0x00, 0x00, 0x00, 0x00, 0x00, 0x00, 0x00, 0x00, 0x00, 0x00, 0x00, 
},
/* "o", 79 */
{
  0x00, 0x00, 0x00, 0x00, 0x00, 0x00, 0x00, 0x00, 0x00, 0x00, 0x00, 0x00, 0x00, 0x00, 0x00, 0x00, 
  0x00, 0x00, 0x00, 0x00, 0x00, 0x00, 0x00, 0x00, 0x00, 0x00, 0x00, 0x00, 0x00, 0x00, 0x00, 0x00, 
  0x00, 0x00, 0x00, 0x00, 0x00, 0x00, 0x00, 0x00, 0x00, 0x00, 0x00, 0x00, 0x00, 0x00, 0x00, 0x00, 
  0x00, 0x00, 0x00, 0x00, 0xF0, 0x07, 0x00, 0x00, 0xF8, 0x0F, 0x00, 0x00, 0x3C, 0x1C, 0x00, 0x00, 
  0x1C, 0x38, 0x00, 0x00, 0x0E, 0x38, 0x00, 0x00, 0x0E, 0x38, 0x00, 0x00, 0x0E, 0x38, 0x00, 0x00, 
  0x0E, 0x38, 0x00, 0x00, 0x0E, 0x38, 0x00, 0x00, 0x0C, 0x38, 0x00, 0x00, 0x1C, 0x1C, 0x00, 0x00, 
  0xF8, 0x0F, 0x00, 0x00, 0xF0, 0x07, 0x00, 0x00, 0xC0, 0x01, 0x00, 0x00, 0x00, 0x00, 0x00, 0x00, 
  0x00, 0x00, 0x00, 0x00, 0x00, 0x00, 0x00, 0x00, 0x00, 0x00, 0x00, 0x00, 0x00, 0x00, 0x00, 0x00, 
},
/* "p", 80 */
{
  0x00, 0x00, 0x00, 0x00, 0x00, 0x00, 0x00, 0x00, 0x00, 0x00, 0x00, 0x00, 0x00, 0x00, 0x00, 0x00, 
  0x00, 0x00, 0x00, 0x00, 0x00, 0x00, 0x00, 0x00, 0x00, 0x00, 0x00, 0x00, 0x00, 0x00, 0x00, 0x00, 
  0x00, 0x00, 0x00, 0x00, 0x00, 0x00, 0x00, 0x00, 0x00, 0x00, 0x00, 0x00, 0x00, 0x00, 0x00, 0x00, 
  0x00, 0x00, 0x00, 0x00, 0xEE, 0x07, 0x00, 0x00, 0xFE, 0x0F, 0x00, 0x00, 0x1E, 0x1C, 0x00, 0x00, 
  0x1E, 0x1C, 0x00, 0x00, 0x0E, 0x38, 0x00, 0x00, 0x0E, 0x38, 0x00, 0x00, 0x0E, 0x38, 0x00, 0x00, 
  0x0E, 0x38, 0x00, 0x00, 0x0E, 0x38, 0x00, 0x00, 0x0E, 0x18, 0x00, 0x00, 0x1E, 0x1C, 0x00, 0x00, 
  0x7E, 0x0F, 0x00, 0x00, 0xEE, 0x07, 0x00, 0x00, 0xCE, 0x03, 0x00, 0x00, 0x0E, 0x00, 0x00, 0x00, 
  0x0E, 0x00, 0x00, 0x00, 0x0E, 0x00, 0x00, 0x00, 0x0E, 0x00, 0x00, 0x00, 0x00, 0x00, 0x00, 0x00, 
},
/* "q", 81 */
{
  0x00, 0x00, 0x00, 0x00, 0x00, 0x00, 0x00, 0x00, 0x00, 0x00, 0x00, 0x00, 0x00, 0x00, 0x00, 0x00, 
  0x00, 0x00, 0x00, 0x00, 0x00, 0x00, 0x00, 0x00, 0x00, 0x00, 0x00, 0x00, 0x00, 0x00, 0x00, 0x00, 
  0x00, 0x00, 0x00, 0x00, 0x00, 0x00, 0x00, 0x00, 0x00, 0x00, 0x00, 0x00, 0x00, 0x00, 0x00, 0x00, 
  0x00, 0x00, 0x00, 0x00, 0xF0, 0x1B, 0x00, 0x00, 0xF8, 0x1F, 0x00, 0x00, 0x1C, 0x1E, 0x00, 0x00, 
  0x0C, 0x1C, 0x00, 0x00, 0x0E, 0x18, 0x00, 0x00, 0x0E, 0x18, 0x00, 0x00, 0x0E, 0x18, 0x00, 0x00, 
  0x0E, 0x18, 0x00, 0x00, 0x0E, 0x18, 0x00, 0x00, 0x0E, 0x1C, 0x00, 0x00, 0x1C, 0x1C, 0x00, 0x00, 
  0x7C, 0x1F, 0x00, 0x00, 0xF8, 0x1B, 0x00, 0x00, 0xE0, 0x19, 0x00, 0x00, 0x00, 0x18, 0x00, 0x00, 
  0x00, 0x18, 0x00, 0x00, 0x00, 0x18, 0x00, 0x00, 0x00, 0x18, 0x00, 0x00, 0x00, 0x00, 0x00, 0x00, 
},
/* "r", 82 */
{
  0x00, 0x00, 0x00, 0x00, 0x00, 0x00, 0x00, 0x00, 0x00, 0x00, 0x00, 0x00, 0x00, 0x00, 0x00, 0x00, 
  0x00, 0x00, 0x00, 0x00, 0x00, 0x00, 0x00, 0x00, 0x00, 0x00, 0x00, 0x00, 0x00, 0x00, 0x00, 0x00, 
  0x00, 0x00, 0x00, 0x00, 0x00, 0x00, 0x00, 0x00, 0x00, 0x00, 0x00, 0x00, 0x00, 0x00, 0x00, 0x00, 
  0x00, 0x00, 0x00, 0x00, 0x38, 0x0F, 0x00, 0x00, 0xB8, 0x0F, 0x00, 0x00, 0xF8, 0x01, 0x00, 0x00, 
  0xF8, 0x00, 0x00, 0x00, 0x78, 0x00, 0x00, 0x00, 0x38, 0x00, 0x00, 0x00, 0x38, 0x00, 0x00, 0x00, 
  0x38, 0x00, 0x00, 0x00, 0x38, 0x00, 0x00, 0x00, 0x38, 0x00, 0x00, 0x00, 0x38, 0x00, 0x00, 0x00, 
  0x38, 0x00, 0x00, 0x00, 0x38, 0x00, 0x00, 0x00, 0x00, 0x00, 0x00, 0x00, 0x00, 0x00, 0x00, 0x00, 
  0x00, 0x00, 0x00, 0x00, 0x00, 0x00, 0x00, 0x00, 0x00, 0x00, 0x00, 0x00, 0x00, 0x00, 0x00, 0x00, 
},
/* "s", 83 */
{
  0x00, 0x00, 0x00, 0x00, 0x00, 0x00, 0x00, 0x00, 0x00, 0x00, 0x00, 0x00, 0x00, 0x00, 0x00, 0x00, 
  0x00, 0x00, 0x00, 0x00, 0x00, 0x00, 0x00, 0x00, 0x00, 0x00, 0x00, 0x00, 0x00, 0x00, 0x00, 0x00, 
  0x00, 0x00, 0x00, 0x00, 0x00, 0x00, 0x00, 0x00, 0x00, 0x00, 0x00, 0x00, 0x00, 0x00, 0x00, 0x00, 
  0x00, 0x00, 0x00, 0x00, 0xF0, 0x07, 0x00, 0x00, 0xF8, 0x0F, 0x00, 0x00, 0x1C, 0x1C, 0x00, 0x00, 
  0x1C, 0x18, 0x00, 0x00, 0x1C, 0x00, 0x00, 0x00, 0xF8, 0x00, 0x00, 0x00, 0xF0, 0x07, 0x00, 0x00, 
  0x80, 0x1F, 0x00, 0x00, 0x00, 0x1C, 0x00, 0x00, 0x0C, 0x18, 0x00, 0x00, 0x1C, 0x18, 0x00, 0x00, 
  0x78, 0x1E, 0x00, 0x00, 0xF0, 0x0F, 0x00, 0x00, 0xC0, 0x03, 0x00, 0x00, 0x00, 0x00, 0x00, 0x00, 
  0x00, 0x00, 0x00, 0x00, 0x00, 0x00, 0x00, 0x00, 0x00, 0x00, 0x00, 0x00, 0x00, 0x00, 0x00, 0x00, 
},
/* "t", 84 */
{
  0x00, 0x00, 0x00, 0x00, 0x00, 0x00, 0x00, 0x00, 0x00, 0x00, 0x00, 0x00, 0x00, 0x00, 0x00, 0x00, 
  0x00, 0x00, 0x00, 0x00, 0x00, 0x00, 0x00, 0x00, 0x00, 0x00, 0x00, 0x00, 0x00, 0x00, 0x00, 0x00, 
  0x60, 0x00, 0x00, 0x00, 0x60, 0x00, 0x00, 0x00, 0x60, 0x00, 0x00, 0x00, 0x60, 0x00, 0x00, 0x00, 
  0x60, 0x00, 0x00, 0x00, 0xFE, 0x0F, 0x00, 0x00, 0xFE, 0x0F, 0x00, 0x00, 0x60, 0x00, 0x00, 0x00, 
  0x60, 0x00, 0x00, 0x00, 0x60, 0x00, 0x00, 0x00, 0x60, 0x00, 0x00, 0x00, 0x60, 0x00, 0x00, 0x00, 
  0x60, 0x00, 0x00, 0x00, 0x60, 0x00, 0x00, 0x00, 0x60, 0x00, 0x00, 0x00, 0xE0, 0x00, 0x00, 0x00, 
  0xC0, 0x1F, 0x00, 0x00, 0xC0, 0x1F, 0x00, 0x00, 0x00, 0x0F, 0x00, 0x00, 0x00, 0x00, 0x00, 0x00, 
  0x00, 0x00, 0x00, 0x00, 0x00, 0x00, 0x00, 0x00, 0x00, 0x00, 0x00, 0x00, 0x00, 0x00, 0x00, 0x00, 
},
/* "u", 85 */
{
  0x00, 0x00, 0x00, 0x00, 0x00, 0x00, 0x00, 0x00, 0x00, 0x00, 0x00, 0x00, 0x00, 0x00, 0x00, 0x00, 
  0x00, 0x00, 0x00, 0x00, 0x00, 0x00, 0x00, 0x00, 0x00, 0x00, 0x00, 0x00, 0x00, 0x00, 0x00, 0x00, 
  0x00, 0x00, 0x00, 0x00, 0x00, 0x00, 0x00, 0x00, 0x00, 0x00, 0x00, 0x00, 0x00, 0x00, 0x00, 0x00, 
  0x00, 0x00, 0x00, 0x00, 0x0C, 0x38, 0x00, 0x00, 0x0C, 0x38, 0x00, 0x00, 0x0C, 0x38, 0x00, 0x00, 
  0x0C, 0x38, 0x00, 0x00, 0x0C, 0x38, 0x00, 0x00, 0x0C, 0x38, 0x00, 0x00, 0x0C, 0x38, 0x00, 0x00, 
  0x0C, 0x38, 0x00, 0x00, 0x0C, 0x38, 0x00, 0x00, 0x0C, 0x3C, 0x00, 0x00, 0x1C, 0x3E, 0x00, 0x00, 
  0x3C, 0x3F, 0x00, 0x00, 0xF8, 0x3B, 0x00, 0x00, 0xE0, 0x00, 0x00, 0x00, 0x00, 0x00, 0x00, 0x00, 
  0x00, 0x00, 0x00, 0x00, 0x00, 0x00, 0x00, 0x00, 0x00, 0x00, 0x00, 0x00, 0x00, 0x00, 0x00, 0x00, 
},
/* "v", 86 */
{
  0x00, 0x00, 0x00, 0x00, 0x00, 0x00, 0x00, 0x00, 0x00, 0x00, 0x00, 0x00, 0x00, 0x00, 0x00, 0x00, 
  0x00, 0x00, 0x00, 0x00, 0x00, 0x00, 0x00, 0x00, 0x00, 0x00, 0x00, 0x00, 0x00, 0x00, 0x00, 0x00, 
  0x00, 0x00, 0x00, 0x00, 0x00, 0x00, 0x00, 0x00, 0x00, 0x00, 0x00, 0x00, 0x00, 0x00, 0x00, 0x00, 
  0x00, 0x00, 0x00, 0x00, 0x0E, 0x38, 0x00, 0x00, 0x0C, 0x18, 0x00, 0x00, 0x1C, 0x1C, 0x00, 0x00, 
  0x1C, 0x1C, 0x00, 0x00, 0x18, 0x0C, 0x00, 0x00, 0x38, 0x0E, 0x00, 0x00, 0x30, 0x06, 0x00, 0x00, 
  0x30, 0x06, 0x00, 0x00, 0x70, 0x07, 0x00, 0x00, 0x60, 0x03, 0x00, 0x00, 0xE0, 0x03, 0x00, 0x00, 
  0xE0, 0x03, 0x00, 0x00, 0xC0, 0x01, 0x00, 0x00, 0xC0, 0x01, 0x00, 0x00, 0x00, 0x00, 0x00, 0x00, 
  0x00, 0x00, 0x00, 0x00, 0x00, 0x00, 0x00, 0x00, 0x00, 0x00, 0x00, 0x00, 0x00, 0x00, 0x00, 0x00, 
},
/* "w", 87 */
{
  0x00, 0x00, 0x00, 0x00, 0x00, 0x00, 0x00, 0x00, 0x00, 0x00, 0x00, 0x00, 0x00, 0x00, 0x00, 0x00, 
  0x00, 0x00, 0x00, 0x00, 0x00, 0x00, 0x00, 0x00, 0x00, 0x00, 0x00, 0x00, 0x00, 0x00, 0x00, 0x00, 
  0x00, 0x00, 0x00, 0x00, 0x00, 0x00, 0x00, 0x00, 0x00, 0x00, 0x00, 0x00, 0x00, 0x00, 0x00, 0x00, 
  0x00, 0x00, 0x00, 0x00, 0xC7, 0x71, 0x00, 0x00, 0xC7, 0x71, 0x00, 0x00, 0xC6, 0x31, 0x00, 0x00, 
  0x66, 0x33, 0x00, 0x00, 0x66, 0x33, 0x00, 0x00, 0x6E, 0x3B, 0x00, 0x00, 0x6C, 0x1B, 0x00, 0x00, 
  0x6C, 0x1B, 0x00, 0x00, 0x2C, 0x1A, 0x00, 0x00, 0x3C, 0x1E, 0x00, 0x00, 0x3C, 0x1E, 0x00, 0x00, 
  0x38, 0x0E, 0x00, 0x00, 0x38, 0x0E, 0x00, 0x00, 0x18, 0x0C, 0x00, 0x00, 0x00, 0x00, 0x00, 0x00, 
  0x00, 0x00, 0x00, 0x00, 0x00, 0x00, 0x00, 0x00, 0x00, 0x00, 0x00, 0x00, 0x00, 0x00, 0x00, 0x00, 
},
/* "x", 88 */
{
  0x00, 0x00, 0x00, 0x00, 0x00, 0x00, 0x00, 0x00, 0x00, 0x00, 0x00, 0x00, 0x00, 0x00, 0x00, 0x00, 
  0x00, 0x00, 0x00, 0x00, 0x00, 0x00, 0x00, 0x00, 0x00, 0x00, 0x00, 0x00, 0x00, 0x00, 0x00, 0x00, 
  0x00, 0x00, 0x00, 0x00, 0x00, 0x00, 0x00, 0x00, 0x00, 0x00, 0x00, 0x00, 0x00, 0x00, 0x00, 0x00, 
  0x00, 0x00, 0x00, 0x00, 0x1C, 0x1C, 0x00, 0x00, 0x18, 0x0C, 0x00, 0x00, 0x38, 0x0E, 0x00, 0x00, 
  0x70, 0x07, 0x00, 0x00, 0x60, 0x03, 0x00, 0x00, 0xE0, 0x03, 0x00, 0x00, 0xC0, 0x01, 0x00, 0x00, 
  0xE0, 0x03, 0x00, 0x00, 0x60, 0x03, 0x00, 0x00, 0x70, 0x07, 0x00, 0x00, 0x38, 0x0E, 0x00, 0x00, 
  0x1C, 0x1C, 0x00, 0x00, 0x1C, 0x1C, 0x00, 0x00, 0x00, 0x00, 0x00, 0x00, 0x00, 0x00, 0x00, 0x00, 
  0x00, 0x00, 0x00, 0x00, 0x00, 0x00, 0x00, 0x00, 0x00, 0x00, 0x00, 0x00, 0x00, 0x00, 0x00, 0x00, 
},
/* "y", 89 */
{
  0x00, 0x00, 0x00, 0x00, 0x00, 0x00, 0x00, 0x00, 0x00, 0x00, 0x00, 0x00, 0x00, 0x00, 0x00, 0x00, 
  0x00, 0x00, 0x00, 0x00, 0x00, 0x00, 0x00, 0x00, 0x00, 0x00, 0x00, 0x00, 0x00, 0x00, 0x00, 0x00, 
  0x00, 0x00, 0x00, 0x00, 0x00, 0x00, 0x00, 0x00, 0x00, 0x00, 0x00, 0x00, 0x00, 0x00, 0x00, 0x00, 
  0x00, 0x00, 0x00, 0x00, 0x0E, 0x38, 0x00, 0x00, 0x0C, 0x18, 0x00, 0x00, 0x1C, 0x1C, 0x00, 0x00, 
  0x1C, 0x1C, 0x00, 0x00, 0x18, 0x0C, 0x00, 0x00, 0x38, 0x0E, 0x00, 0x00, 0x38, 0x0E, 0x00, 0x00, 
  0x30, 0x06, 0x00, 0x00, 0x70, 0x07, 0x00, 0x00, 0x60, 0x03, 0x00, 0x00, 0xE0, 0x03, 0x00, 0x00, 
  0xE0, 0x03, 0x00, 0x00, 0xC0, 0x01, 0x00, 0x00, 0xC0, 0x01, 0x00, 0x00, 0xC0, 0x00, 0x00, 0x00, 
  0xEC, 0x00, 0x00, 0x00, 0xFC, 0x00, 0x00, 0x00, 0x3C, 0x00, 0x00, 0x00, 0x00, 0x00, 0x00, 0x00, 
},
/* "z", 90 */
{
  0x00, 0x00, 0x00, 0x00, 0x00, 0x00, 0x00, 0x00, 0x00, 0x00, 0x00, 0x00, 0x00, 0x00, 0x00, 0x00, 
  0x00, 0x00, 0x00, 0x00, 0x00, 0x00, 0x00, 0x00, 0x00, 0x00, 0x00, 0x00, 0x00, 0x00, 0x00, 0x00, 
  0x00, 0x00, 0x00, 0x00, 0x00, 0x00, 0x00, 0x00, 0x00, 0x00, 0x00, 0x00, 0x00, 0x00, 0x00, 0x00, 
  0x00, 0x00, 0x00, 0x00, 0xFC, 0x1F, 0x00, 0x00, 0xFC, 0x1F, 0x00, 0x00, 0x00, 0x0E, 0x00, 0x00, 
  0x00, 0x07, 0x00, 0x00, 0x00, 0x07, 0x00, 0x00, 0x80, 0x03, 0x00, 0x00, 0xC0, 0x01, 0x00, 0x00, 
  0xE0, 0x00, 0x00, 0x00, 0x70, 0x00, 0x00, 0x00, 0x38, 0x00, 0x00, 0x00, 0x18, 0x00, 0x00, 0x00, 
  0xFC, 0x1F, 0x00, 0x00, 0xFC, 0x1F, 0x00, 0x00, 0x00, 0x00, 0x00, 0x00, 0x00, 0x00, 0x00, 0x00, 
  0x00, 0x00, 0x00, 0x00, 0x00, 0x00, 0x00, 0x00, 0x00, 0x00, 0x00, 0x00, 0x00, 0x00, 0x00, 0x00, 
},
/* "{", 91 */
{
  0x00, 0x00, 0x00, 0x00, 0x00, 0x00, 0x00, 0x00, 0x00, 0x00, 0x00, 0x00, 0x00, 0x1E, 0x00, 0x00, 
  0x00, 0x06, 0x00, 0x00, 0x00, 0x07, 0x00, 0x00, 0x00, 0x07, 0x00, 0x00, 0x00, 0x07, 0x00, 0x00, 
  0x00, 0x07, 0x00, 0x00, 0x00, 0x07, 0x00, 0x00, 0x00, 0x07, 0x00, 0x00, 0x00, 0x07, 0x00, 0x00, 
  0x00, 0x07, 0x00, 0x00, 0x00, 0x07, 0x00, 0x00, 0x00, 0x07, 0x00, 0x00, 0x80, 0x03, 0x00, 0x00, 
  0x80, 0x03, 0x00, 0x00, 0x00, 0x07, 0x00, 0x00, 0x00, 0x07, 0x00, 0x00, 0x00, 0x07, 0x00, 0x00, 
  0x00, 0x07, 0x00, 0x00, 0x00, 0x07, 0x00, 0x00, 0x00, 0x07, 0x00, 0x00, 0x00, 0x07, 0x00, 0x00, 
  0x00, 0x07, 0x00, 0x00, 0x00, 0x07, 0x00, 0x00, 0x00, 0x07, 0x00, 0x00, 0x00, 0x06, 0x00, 0x00, 
  0x00, 0x1E, 0x00, 0x00, 0x00, 0x18, 0x00, 0x00, 0x00, 0x00, 0x00, 0x00, 0x00, 0x00, 0x00, 0x00, 
},
/* "|", 92 */
{
  0xC0, 0x01, 0x00, 0x00, 0xC0, 0x01, 0x00, 0x00, 0xC0, 0x01, 0x00, 0x00, 0xC0, 0x01, 0x00, 0x00, 
  0xC0, 0x01, 0x00, 0x00, 0xC0, 0x01, 0x00, 0x00, 0xC0, 0x01, 0x00, 0x00, 0xC0, 0x01, 0x00, 0x00, 
  0xC0, 0x01, 0x00, 0x00, 0xC0, 0x01, 0x00, 0x00, 0xC0, 0x01, 0x00, 0x00, 0xC0, 0x01, 0x00, 0x00, 
  0xC0, 0x01, 0x00, 0x00, 0xC0, 0x01, 0x00, 0x00, 0xC0, 0x01, 0x00, 0x00, 0xC0, 0x01, 0x00, 0x00, 
  0xC0, 0x01, 0x00, 0x00, 0xC0, 0x01, 0x00, 0x00, 0xC0, 0x01, 0x00, 0x00, 0xC0, 0x01, 0x00, 0x00, 
  0xC0, 0x01, 0x00, 0x00, 0xC0, 0x01, 0x00, 0x00, 0xC0, 0x01, 0x00, 0x00, 0xC0, 0x01, 0x00, 0x00, 
  0xC0, 0x01, 0x00, 0x00, 0xC0, 0x01, 0x00, 0x00, 0xC0, 0x01, 0x00, 0x00, 0xC0, 0x01, 0x00, 0x00, 
  0xC0, 0x01, 0x00, 0x00, 0xC0, 0x01, 0x00, 0x00, 0xC0, 0x01, 0x00, 0x00, 0x00, 0x00, 0x00, 0x00, 
},
/* "}", 93 */
{
  0x00, 0x00, 0x00, 0x00, 0x00, 0x00, 0x00, 0x00, 0x00, 0x00, 0x00, 0x00, 0x3C, 0x00, 0x00, 0x00, 
  0x70, 0x00, 0x00, 0x00, 0x70, 0x00, 0x00, 0x00, 0x70, 0x00, 0x00, 0x00, 0x70, 0x00, 0x00, 0x00, 
  0x70, 0x00, 0x00, 0x00, 0x70, 0x00, 0x00, 0x00, 0x70, 0x00, 0x00, 0x00, 0x70, 0x00, 0x00, 0x00, 
  0x70, 0x00, 0x00, 0x00, 0x70, 0x00, 0x00, 0x00, 0x70, 0x00, 0x00, 0x00, 0xE0, 0x00, 0x00, 0x00, 
  0xE0, 0x00, 0x00, 0x00, 0x70, 0x00, 0x00, 0x00, 0x70, 0x00, 0x00, 0x00, 0x70, 0x00, 0x00, 0x00, 
  0x70, 0x00, 0x00, 0x00, 0x70, 0x00, 0x00, 0x00, 0x70, 0x00, 0x00, 0x00, 0x70, 0x00, 0x00, 0x00, 
  0x70, 0x00, 0x00, 0x00, 0x70, 0x00, 0x00, 0x00, 0x70, 0x00, 0x00, 0x00, 0x70, 0x00, 0x00, 0x00, 
  0x3C, 0x00, 0x00, 0x00, 0x0C, 0x00, 0x00, 0x00, 0x00, 0x00, 0x00, 0x00, 0x00, 0x00, 0x00, 0x00, 
},
/* "~", 94 */
{
  0x00, 0x00, 0x00, 0x00, 0x78, 0x00, 0x00, 0x00, 0xF8, 0x30, 0x00, 0x00, 0xCC, 0x3B, 0x00, 0x00, 
  0x0C, 0x1F, 0x00, 0x00, 0x04, 0x0E, 0x00, 0x00, 0x00, 0x00, 0x00, 0x00, 0x00, 0x00, 0x00, 0x00, 
  0x00, 0x00, 0x00, 0x00, 0x00, 0x00, 0x00, 0x00, 0x00, 0x00, 0x00, 0x00, 0x00, 0x00, 0x00, 0x00, 
  0x00, 0x00, 0x00, 0x00, 0x00, 0x00, 0x00, 0x00, 0x00, 0x00, 0x00, 0x00, 0x00, 0x00, 0x00, 0x00, 
  0x00, 0x00, 0x00, 0x00, 0x00, 0x00, 0x00, 0x00, 0x00, 0x00, 0x00, 0x00, 0x00, 0x00, 0x00, 0x00, 
  0x00, 0x00, 0x00, 0x00, 0x00, 0x00, 0x00, 0x00, 0x00, 0x00, 0x00, 0x00, 0x00, 0x00, 0x00, 0x00, 
  0x00, 0x00, 0x00, 0x00, 0x00, 0x00, 0x00, 0x00, 0x00, 0x00, 0x00, 0x00, 0x00, 0x00, 0x00, 0x00, 
  0x00, 0x00, 0x00, 0x00, 0x00, 0x00, 0x00, 0x00, 0x00, 0x00, 0x00, 0x00, 0x00, 0x00, 0x00, 0x00, 
},
/* "，", 95 */
{
  0x00, 0x00, 0x00, 0x00, 0x00, 0x00, 0x00, 0x00, 0x00, 0x00, 0x00, 0x00, 0x00, 0x00, 0x00, 0x00, 
  0x00, 0x00, 0x00, 0x00, 0x00, 0x00, 0x00, 0x00, 0x00, 0x00, 0x00, 0x00, 0x00, 0x00, 0x00, 0x00, 
  0x00, 0x00, 0x00, 0x00, 0x00, 0x00, 0x00, 0x00, 0x00, 0x00, 0x00, 0x00, 0x00, 0x00, 0x00, 0x00, 
  0x00, 0x00, 0x00, 0x00, 0x00, 0x00, 0x00, 0x00, 0x00, 0x00, 0x00, 0x00, 0x00, 0x00, 0x00, 0x00, 
  0x00, 0x00, 0x00, 0x00, 0x00, 0x00, 0x00, 0x00, 0x00, 0x00, 0x00, 0x00, 0x00, 0x00, 0x00, 0x00, 
  0x00, 0x00, 0x00, 0x00, 0x00, 0x00, 0x00, 0x00, 0x00, 0x00, 0x00, 0x00, 0xE0, 0x00, 0x00, 0x00, 
  0xF0, 0x01, 0x00, 0x00, 0xF0, 0x01, 0x00, 0x00, 0xE0, 0x00, 0x00, 0x00, 0xC0, 0x00, 0x00, 0x00, 
  0xC0, 0x00, 0x00, 0x00, 0x60, 0x00, 0x00, 0x00, 0x20, 0x00, 0x00, 0x00, 0x00, 0x00, 0x00, 0x00, 
},
/* "。", 96 */
{
  0x00, 0x00, 0x00, 0x00, 0x00, 0x00, 0x00, 0x00, 0x00, 0x00, 0x00, 0x00, 0x00, 0x00, 0x00, 0x00, 
  0x00, 0x00, 0x00, 0x00, 0x00, 0x00, 0x00, 0x00, 0x00, 0x00, 0x00, 0x00, 0x00, 0x00, 0x00, 0x00, 
  0x00, 0x00, 0x00, 0x00, 0x00, 0x00, 0x00, 0x00, 0x00, 0x00, 0x00, 0x00, 0x00, 0x00, 0x00, 0x00, 
  0x00, 0x00, 0x00, 0x00, 0x00, 0x00, 0x00, 0x00, 0x00, 0x00, 0x00, 0x00, 0x00, 0x00, 0x00, 0x00, 
  0x00, 0x00, 0x00, 0x00, 0x00, 0x00, 0x00, 0x00, 0x00, 0x00, 0x00, 0x00, 0x00, 0x00, 0x00, 0x00, 
  0xC0, 0x01, 0x00, 0x00, 0xE0, 0x07, 0x00, 0x00, 0x30, 0x04, 0x00, 0x00, 0x10, 0x04, 0x00, 0x00, 
  0x30, 0x04, 0x00, 0x00, 0x30, 0x06, 0x00, 0x00, 0xE0, 0x03, 0x00, 0x00, 0x00, 0x00, 0x00, 0x00, 
  0x00, 0x00, 0x00, 0x00, 0x00, 0x00, 0x00, 0x00, 0x00, 0x00, 0x00, 0x00, 0x00, 0x00, 0x00, 0x00, 
},
/* "、", 97 */
{
  0x00, 0x00, 0x00, 0x00, 0x00, 0x00, 0x00, 0x00, 0x00, 0x00, 0x00, 0x00, 0x00, 0x00, 0x00, 0x00, 
  0x00, 0x00, 0x00, 0x00, 0x00, 0x00, 0x00, 0x00, 0x00, 0x00, 0x00, 0x00, 0x00, 0x00, 0x00, 0x00, 
  0x00, 0x00, 0x00, 0x00, 0x00, 0x00, 0x00, 0x00, 0x00, 0x00, 0x00, 0x00, 0x00, 0x00, 0x00, 0x00, 
  0x00, 0x00, 0x00, 0x00, 0x00, 0x00, 0x00, 0x00, 0x00, 0x00, 0x00, 0x00, 0x00, 0x00, 0x00, 0x00, 
  0x00, 0x00, 0x00, 0x00, 0x00, 0x00, 0x00, 0x00, 0x00, 0x00, 0x00, 0x00, 0x00, 0x00, 0x00, 0x00, 
  0x00, 0x00, 0x00, 0x00, 0x30, 0x00, 0x00, 0x00, 0xE0, 0x00, 0x00, 0x00, 0xC0, 0x01, 0x00, 0x00, 
  0x80, 0x03, 0x00, 0x00, 0x00, 0x07, 0x00, 0x00, 0x00, 0x07, 0x00, 0x00, 0x00, 0x06, 0x00, 0x00, 
  0x00, 0x00, 0x00, 0x00, 0x00, 0x00, 0x00, 0x00, 0x00, 0x00, 0x00, 0x00, 0x00, 0x00, 0x00, 0x00, 
},
/* "；", 98 */
{
  0x00, 0x00, 0x00, 0x00, 0x00, 0x00, 0x00, 0x00, 0x00, 0x00, 0x00, 0x00, 0x00, 0x00, 0x00, 0x00, 
  0x00, 0x00, 0x00, 0x00, 0x00, 0x00, 0x00, 0x00, 0x00, 0x00, 0x00, 0x00, 0x00, 0x00, 0x00, 0x00, 
  0x00, 0x00, 0x00, 0x00, 0x00, 0x00, 0x00, 0x00, 0x00, 0x00, 0x00, 0x00, 0x00, 0x00, 0x00, 0x00, 
  0x00, 0x00, 0x00, 0x00, 0x00, 0x00, 0x00, 0x00, 0xC0, 0x01, 0x00, 0x00, 0xE0, 0x03, 0x00, 0x00, 
  0xE0, 0x03, 0x00, 0x00, 0xC0, 0x01, 0x00, 0x00, 0x00, 0x00, 0x00, 0x00, 0x00, 0x00, 0x00, 0x00, 
  0x00, 0x00, 0x00, 0x00, 0x00, 0x00, 0x00, 0x00, 0x00, 0x00, 0x00, 0x00, 0x80, 0x01, 0x00, 0x00, 
  0xC0, 0x03, 0x00, 0x00, 0xC0, 0x03, 0x00, 0x00, 0xC0, 0x03, 0x00, 0x00, 0x00, 0x01, 0x00, 0x00, 
  0x80, 0x01, 0x00, 0x00, 0x40, 0x00, 0x00, 0x00, 0x00, 0x00, 0x00, 0x00, 0x00, 0x00, 0x00, 0x00, 
},
/* "：", 99 */
{
  0x00, 0x00, 0x00, 0x00, 0x00, 0x00, 0x00, 0x00, 0x00, 0x00, 0x00, 0x00, 0x00, 0x00, 0x00, 0x00, 
  0x00, 0x00, 0x00, 0x00, 0x00, 0x00, 0x00, 0x00, 0x00, 0x00, 0x00, 0x00, 0x00, 0x00, 0x00, 0x00, 
  0x00, 0x00, 0x00, 0x00, 0x00, 0x00, 0x00, 0x00, 0x00, 0x00, 0x00, 0x00, 0x00, 0x00, 0x00, 0x00, 
  0x00, 0x00, 0x00, 0x00, 0x00, 0x00, 0x00, 0x00, 0xC0, 0x01, 0x00, 0x00, 0xE0, 0x03, 0x00, 0x00, 
  0xE0, 0x03, 0x00, 0x00, 0xC0, 0x01, 0x00, 0x00, 0x00, 0x00, 0x00, 0x00, 0x00, 0x00, 0x00, 0x00, 
  0x00, 0x00, 0x00, 0x00, 0x00, 0x00, 0x00, 0x00, 0x00, 0x00, 0x00, 0x00, 0xC0, 0x01, 0x00, 0x00, 
  0xE0, 0x03, 0x00, 0x00, 0xE0, 0x03, 0x00, 0x00, 0xC0, 0x01, 0x00, 0x00, 0x00, 0x00, 0x00, 0x00, 
  0x00, 0x00, 0x00, 0x00, 0x00, 0x00, 0x00, 0x00, 0x00, 0x00, 0x00, 0x00, 0x00, 0x00, 0x00, 0x00, 
},
/* "！", 100 */
{
  0x00, 0x00, 0x00, 0x00, 0x00, 0x00, 0x00, 0x00, 0x00, 0x00, 0x00, 0x00, 0x00, 0x00, 0x00, 0x00, 
  0x00, 0x00, 0x00, 0x00, 0x00, 0x07, 0x00, 0x00, 0x00, 0x07, 0x00, 0x00, 0x00, 0x07, 0x00, 0x00, 
  0x00, 0x07, 0x00, 0x00, 0x00, 0x07, 0x00, 0x00, 0x00, 0x07, 0x00, 0x00, 0x00, 0x07, 0x00, 0x00, 
  0x00, 0x07, 0x00, 0x00, 0x00, 0x07, 0x00, 0x00, 0x00, 0x07, 0x00, 0x00, 0x00, 0x07, 0x00, 0x00, 
  0x00, 0x07, 0x00, 0x00, 0x00, 0x07, 0x00, 0x00, 0x00, 0x03, 0x00, 0x00, 0x00, 0x00, 0x00, 0x00, 
  0x00, 0x00, 0x00, 0x00, 0x00, 0x00, 0x00, 0x00, 0x00, 0x00, 0x00, 0x00, 0x00, 0x07, 0x00, 0x00, 
  0x80, 0x07, 0x00, 0x00, 0x80, 0x07, 0x00, 0x00, 0x00, 0x07, 0x00, 0x00, 0x00, 0x00, 0x00, 0x00, 
  0x00, 0x00, 0x00, 0x00, 0x00, 0x00, 0x00, 0x00, 0x00, 0x00, 0x00, 0x00, 0x00, 0x00, 0x00, 0x00, 
},
/* "？", 101 */
{
  0x00, 0x00, 0x00, 0x00, 0x00, 0x00, 0x00, 0x00, 0x00, 0x00, 0x00, 0x00, 0x00, 0x00, 0x00, 0x00, 
  0x00, 0x00, 0x00, 0x00, 0x80, 0x1F, 0x00, 0x00, 0xC0, 0x3F, 0x00, 0x00, 0xE0, 0x70, 0x00, 0x00, 
  0x60, 0x70, 0x00, 0x00, 0x60, 0x60, 0x00, 0x00, 0x60, 0x60, 0x00, 0x00, 0x00, 0x70, 0x00, 0x00, 
  0x00, 0x30, 0x00, 0x00, 0x00, 0x38, 0x00, 0x00, 0x00, 0x1C, 0x00, 0x00, 0x00, 0x0E, 0x00, 0x00, 
  0x00, 0x06, 0x00, 0x00, 0x00, 0x07, 0x00, 0x00, 0x00, 0x03, 0x00, 0x00, 0x00, 0x03, 0x00, 0x00, 
  0x00, 0x03, 0x00, 0x00, 0x00, 0x00, 0x00, 0x00, 0x00, 0x00, 0x00, 0x00, 0x80, 0x07, 0x00, 0x00, 
  0x80, 0x07, 0x00, 0x00, 0x80, 0x07, 0x00, 0x00, 0x80, 0x07, 0x00, 0x00, 0x00, 0x00, 0x00, 0x00, 
  0x00, 0x00, 0x00, 0x00, 0x00, 0x00, 0x00, 0x00, 0x00, 0x00, 0x00, 0x00, 0x00, 0x00, 0x00, 0x00, 
},
/* "「", 102 */
{
  0x00, 0x00, 0x00, 0x00, 0x00, 0x80, 0xFF, 0x01, 0x00, 0x80, 0xFF, 0x01, 0x00, 0x80, 0x01, 0x00, 
  0x00, 0x80, 0x01, 0x00, 0x00, 0x80, 0x01, 0x00, 0x00, 0x80, 0x01, 0x00, 0x00, 0x80, 0x01, 0x00, 
  0x00, 0x80, 0x01, 0x00, 0x00, 0x80, 0x01, 0x00, 0x00, 0x80, 0x01, 0x00, 0x00, 0x80, 0x01, 0x00, 
  0x00, 0x80, 0x01, 0x00, 0x00, 0x80, 0x01, 0x00, 0x00, 0x80, 0x01, 0x00, 0x00, 0x80, 0x01, 0x00, 
  0x00, 0x80, 0x01, 0x00, 0x00, 0x80, 0x01, 0x00, 0x00, 0x80, 0x01, 0x00, 0x00, 0x80, 0x01, 0x00, 
  0x00, 0x80, 0x01, 0x00, 0x00, 0x80, 0x01, 0x00, 0x00, 0x80, 0x01, 0x00, 0x00, 0x80, 0x01, 0x00, 
  0x00, 0x80, 0x01, 0x00, 0x00, 0x80, 0x01, 0x00, 0x00, 0x80, 0x01, 0x00, 0x00, 0x00, 0x00, 0x00, 
  0x00, 0x00, 0x00, 0x00, 0x00, 0x00, 0x00, 0x00, 0x00, 0x00, 0x00, 0x00, 0x00, 0x00, 0x00, 0x00, 
},
/* "」", 103 */
{
  0x00, 0x00, 0x00, 0x00, 0x00, 0x00, 0x00, 0x00, 0x00, 0x00, 0x00, 0x00, 0x00, 0x00, 0x00, 0x00, 
  0x00, 0x60, 0x00, 0x00, 0x00, 0x60, 0x00, 0x00, 0x00, 0x60, 0x00, 0x00, 0x00, 0x60, 0x00, 0x00, 
  0x00, 0x60, 0x00, 0x00, 0x00, 0x60, 0x00, 0x00, 0x00, 0x60, 0x00, 0x00, 0x00, 0x60, 0x00, 0x00, 
  0x00, 0x60, 0x00, 0x00, 0x00, 0x60, 0x00, 0x00, 0x00, 0x60, 0x00, 0x00, 0x00, 0x60, 0x00, 0x00, 
  0x00, 0x60, 0x00, 0x00, 0x00, 0x60, 0x00, 0x00, 0x00, 0x60, 0x00, 0x00, 0x00, 0x60, 0x00, 0x00, 
  0x00, 0x60, 0x00, 0x00, 0x00, 0x60, 0x00, 0x00, 0x00, 0x60, 0x00, 0x00, 0x00, 0x60, 0x00, 0x00, 
  0x00, 0x60, 0x00, 0x00, 0x00, 0x60, 0x00, 0x00, 0x00, 0x60, 0x00, 0x00, 0x00, 0x60, 0x00, 0x00, 
  0x00, 0x60, 0x00, 0x00, 0xC0, 0x7F, 0x00, 0x00, 0xC0, 0x7F, 0x00, 0x00, 0x00, 0x00, 0x00, 0x00, 
},
/* "『", 104 */
{
  0x00, 0x00, 0x00, 0x00, 0x00, 0x80, 0xFF, 0x01, 0x00, 0x80, 0x00, 0x01, 0x00, 0x80, 0x00, 0x01, 
  0x00, 0x80, 0xFC, 0x01, 0x00, 0x80, 0x0C, 0x00, 0x00, 0x80, 0x0C, 0x00, 0x00, 0x80, 0x0C, 0x00, 
  0x00, 0x80, 0x0C, 0x00, 0x00, 0x80, 0x0C, 0x00, 0x00, 0x80, 0x0C, 0x00, 0x00, 0x80, 0x0C, 0x00, 
  0x00, 0x80, 0x0C, 0x00, 0x00, 0x80, 0x0C, 0x00, 0x00, 0x80, 0x0C, 0x00, 0x00, 0x80, 0x0C, 0x00, 
  0x00, 0x80, 0x0C, 0x00, 0x00, 0x80, 0x0C, 0x00, 0x00, 0x80, 0x0C, 0x00, 0x00, 0x80, 0x0C, 0x00, 
  0x00, 0x80, 0x0C, 0x00, 0x00, 0x80, 0x0C, 0x00, 0x00, 0x80, 0x0C, 0x00, 0x00, 0x80, 0x0C, 0x00, 
  0x00, 0x80, 0x0C, 0x00, 0x00, 0x80, 0x0C, 0x00, 0x00, 0x80, 0x0F, 0x00, 0x00, 0x00, 0x00, 0x00, 
  0x00, 0x00, 0x00, 0x00, 0x00, 0x00, 0x00, 0x00, 0x00, 0x00, 0x00, 0x00, 0x00, 0x00, 0x00, 0x00, 
},
/* "』", 105 */
{
  0x00, 0x00, 0x00, 0x00, 0x00, 0x00, 0x00, 0x00, 0x00, 0x00, 0x00, 0x00, 0x00, 0x00, 0x00, 0x00, 
  0x00, 0x78, 0x00, 0x00, 0x00, 0x48, 0x00, 0x00, 0x00, 0x48, 0x00, 0x00, 0x00, 0x48, 0x00, 0x00, 
  0x00, 0x48, 0x00, 0x00, 0x00, 0x48, 0x00, 0x00, 0x00, 0x48, 0x00, 0x00, 0x00, 0x48, 0x00, 0x00, 
  0x00, 0x48, 0x00, 0x00, 0x00, 0x48, 0x00, 0x00, 0x00, 0x48, 0x00, 0x00, 0x00, 0x48, 0x00, 0x00, 
  0x00, 0x48, 0x00, 0x00, 0x00, 0x48, 0x00, 0x00, 0x00, 0x48, 0x00, 0x00, 0x00, 0x48, 0x00, 0x00, 
  0x00, 0x48, 0x00, 0x00, 0x00, 0x48, 0x00, 0x00, 0x00, 0x48, 0x00, 0x00, 0x00, 0x48, 0x00, 0x00, 
  0x00, 0x48, 0x00, 0x00, 0x00, 0x48, 0x00, 0x00, 0xC0, 0x4F, 0x00, 0x00, 0x40, 0x40, 0x00, 0x00, 
  0x40, 0x40, 0x00, 0x00, 0xC0, 0x7F, 0x00, 0x00, 0xC0, 0x7F, 0x00, 0x00, 0x00, 0x00, 0x00, 0x00, 
},
/* "（", 106 */
{
  0x00, 0x00, 0x00, 0x00, 0x00, 0x00, 0x00, 0x00, 0x00, 0x00, 0x00, 0x00, 0x00, 0x00, 0x00, 0x06, 
  0x00, 0x00, 0x00, 0x07, 0x00, 0x00, 0x80, 0x03, 0x00, 0x00, 0xC0, 0x01, 0x00, 0x00, 0xE0, 0x00, 
  0x00, 0x00, 0x60, 0x00, 0x00, 0x00, 0x30, 0x00, 0x00, 0x00, 0x30, 0x00, 0x00, 0x00, 0x30, 0x00, 
  0x00, 0x00, 0x18, 0x00, 0x00, 0x00, 0x18, 0x00, 0x00, 0x00, 0x18, 0x00, 0x00, 0x00, 0x18, 0x00, 
  0x00, 0x00, 0x18, 0x00, 0x00, 0x00, 0x18, 0x00, 0x00, 0x00, 0x18, 0x00, 0x00, 0x00, 0x30, 0x00, 
  0x00, 0x00, 0x30, 0x00, 0x00, 0x00, 0x70, 0x00, 0x00, 0x00, 0x60, 0x00, 0x00, 0x00, 0xE0, 0x00, 
  0x00, 0x00, 0xC0, 0x01, 0x00, 0x00, 0x80, 0x03, 0x00, 0x00, 0x00, 0x07, 0x00, 0x00, 0x00, 0x06, 
  0x00, 0x00, 0x00, 0x00, 0x00, 0x00, 0x00, 0x00, 0x00, 0x00, 0x00, 0x00, 0x00, 0x00, 0x00, 0x00, 
},
/* "）", 107 */
{
  0x00, 0x00, 0x00, 0x00, 0x00, 0x00, 0x00, 0x00, 0x00, 0x00, 0x00, 0x00, 0x30, 0x00, 0x00, 0x00, 
  0x70, 0x00, 0x00, 0x00, 0xE0, 0x00, 0x00, 0x00, 0x80, 0x01, 0x00, 0x00, 0x80, 0x03, 0x00, 0x00, 
  0x00, 0x03, 0x00, 0x00, 0x00, 0x06, 0x00, 0x00, 0x00, 0x06, 0x00, 0x00, 0x00, 0x0C, 0x00, 0x00, 
  0x00, 0x0C, 0x00, 0x00, 0x00, 0x0C, 0x00, 0x00, 0x00, 0x0C, 0x00, 0x00, 0x00, 0x0C, 0x00, 0x00, 
  0x00, 0x0C, 0x00, 0x00, 0x00, 0x0C, 0x00, 0x00, 0x00, 0x0C, 0x00, 0x00, 0x00, 0x0E, 0x00, 0x00, 
  0x00, 0x06, 0x00, 0x00, 0x00, 0x06, 0x00, 0x00, 0x00, 0x03, 0x00, 0x00, 0x80, 0x03, 0x00, 0x00, 
  0xC0, 0x01, 0x00, 0x00, 0xE0, 0x00, 0x00, 0x00, 0x70, 0x00, 0x00, 0x00, 0x30, 0x00, 0x00, 0x00, 
  0x00, 0x00, 0x00, 0x00, 0x00, 0x00, 0x00, 0x00, 0x00, 0x00, 0x00, 0x00, 0x00, 0x00, 0x00, 0x00, 
},
/* "《", 108 */
{
  0x00, 0x00, 0x00, 0x00, 0x00, 0x00, 0x40, 0x08, 0x00, 0x00, 0xC0, 0x08, 0x00, 0x00, 0x60, 0x0C, 
  0x00, 0x00, 0x60, 0x04, 0x00, 0x00, 0x30, 0x06, 0x00, 0x00, 0x30, 0x06, 0x00, 0x00, 0x18, 0x03, 
  0x00, 0x00, 0x18, 0x03, 0x00, 0x00, 0x8C, 0x01, 0x00, 0x00, 0x8C, 0x01, 0x00, 0x00, 0xC6, 0x00, 
  0x00, 0x00, 0xC6, 0x00, 0x00, 0x00, 0x63, 0x00, 0x00, 0x00, 0x63, 0x00, 0x00, 0x80, 0x31, 0x00, 
  0x00, 0x00, 0x33, 0x00, 0x00, 0x00, 0x63, 0x00, 0x00, 0x00, 0x66, 0x00, 0x00, 0x00, 0xC6, 0x00, 
  0x00, 0x00, 0xCC, 0x00, 0x00, 0x00, 0x8C, 0x01, 0x00, 0x00, 0x98, 0x01, 0x00, 0x00, 0x18, 0x03, 
  0x00, 0x00, 0x10, 0x03, 0x00, 0x00, 0x30, 0x06, 0x00, 0x00, 0x20, 0x06, 0x00, 0x00, 0x60, 0x0C, 
  0x00, 0x00, 0x40, 0x0C, 0x00, 0x00, 0xC0, 0x18, 0x00, 0x00, 0x00, 0x00, 0x00, 0x00, 0x00, 0x00, 
},
/* "》", 109 */
{
  0x00, 0x00, 0x00, 0x00, 0x88, 0x01, 0x00, 0x00, 0x8C, 0x01, 0x00, 0x00, 0x18, 0x03, 0x00, 0x00, 
  0x18, 0x03, 0x00, 0x00, 0x30, 0x02, 0x00, 0x00, 0x30, 0x06, 0x00, 0x00, 0x60, 0x04, 0x00, 0x00, 
  0x60, 0x0C, 0x00, 0x00, 0xC0, 0x08, 0x00, 0x00, 0xC0, 0x18, 0x00, 0x00, 0x80, 0x10, 0x00, 0x00, 
  0x80, 0x31, 0x00, 0x00, 0x00, 0x21, 0x00, 0x00, 0x00, 0x63, 0x00, 0x00, 0x00, 0x42, 0x00, 0x00, 
  0x00, 0x63, 0x00, 0x00, 0x00, 0x63, 0x00, 0x00, 0x80, 0x31, 0x00, 0x00, 0x80, 0x31, 0x00, 0x00, 
  0xC0, 0x18, 0x00, 0x00, 0xC0, 0x18, 0x00, 0x00, 0x60, 0x0C, 0x00, 0x00, 0x60, 0x0C, 0x00, 0x00, 
  0x20, 0x06, 0x00, 0x00, 0x30, 0x06, 0x00, 0x00, 0x10, 0x03, 0x00, 0x00, 0x18, 0x03, 0x00, 0x00, 
  0x88, 0x01, 0x00, 0x00, 0x8C, 0x01, 0x00, 0x00, 0x00, 0x00, 0x00, 0x00, 0x00, 0x00, 0x00, 0x00, 
},
/* "【", 110 */
{
  0x00, 0x00, 0x00, 0x00, 0x00, 0x00, 0x00, 0x00, 0x00, 0x00, 0x00, 0x00, 0x00, 0x80, 0xFF, 0x03, 
  0x00, 0x80, 0xFF, 0x01, 0x00, 0x80, 0xFF, 0x00, 0x00, 0x80, 0x7F, 0x00, 0x00, 0x80, 0x7F, 0x00, 
  0x00, 0x80, 0x3F, 0x00, 0x00, 0x80, 0x3F, 0x00, 0x00, 0x80, 0x1F, 0x00, 0x00, 0x80, 0x1F, 0x00, 
  0x00, 0x80, 0x1F, 0x00, 0x00, 0x80, 0x0F, 0x00, 0x00, 0x80, 0x0F, 0x00, 0x00, 0x80, 0x0F, 0x00, 
  0x00, 0x80, 0x0F, 0x00, 0x00, 0x80, 0x0F, 0x00, 0x00, 0x80, 0x0F, 0x00, 0x00, 0x80, 0x1F, 0x00, 
  0x00, 0x80, 0x1F, 0x00, 0x00, 0x80, 0x1F, 0x00, 0x00, 0x80, 0x3F, 0x00, 0x00, 0x80, 0x3F, 0x00, 
  0x00, 0x80, 0x7F, 0x00, 0x00, 0x80, 0xFF, 0x00, 0x00, 0x80, 0xFF, 0x00, 0x00, 0x80, 0xFF, 0x01, 
  0x00, 0x80, 0xFF, 0x03, 0x00, 0x00, 0x00, 0x00, 0x00, 0x00, 0x00, 0x00, 0x00, 0x00, 0x00, 0x00, 
},
/* "】", 111 */
{
  0x00, 0x00, 0x00, 0x00, 0x00, 0x00, 0x00, 0x00, 0x00, 0x00, 0x00, 0x00, 0xE0, 0x7F, 0x00, 0x00, 
  0xC0, 0x7F, 0x00, 0x00, 0x80, 0x7F, 0x00, 0x00, 0x80, 0x7F, 0x00, 0x00, 0x00, 0x7F, 0x00, 0x00, 
  0x00, 0x7E, 0x00, 0x00, 0x00, 0x7E, 0x00, 0x00, 0x00, 0x7E, 0x00, 0x00, 0x00, 0x7C, 0x00, 0x00, 
  0x00, 0x7C, 0x00, 0x00, 0x00, 0x7C, 0x00, 0x00, 0x00, 0x7C, 0x00, 0x00, 0x00, 0x7C, 0x00, 0x00, 
  0x00, 0x7C, 0x00, 0x00, 0x00, 0x7C, 0x00, 0x00, 0x00, 0x7C, 0x00, 0x00, 0x00, 0x7C, 0x00, 0x00, 
  0x00, 0x7E, 0x00, 0x00, 0x00, 0x7E, 0x00, 0x00, 0x00, 0x7E, 0x00, 0x00, 0x00, 0x7F, 0x00, 0x00, 
  0x00, 0x7F, 0x00, 0x00, 0x80, 0x7F, 0x00, 0x00, 0xC0, 0x7F, 0x00, 0x00, 0xE0, 0x7F, 0x00, 0x00, 
  0xE0, 0x7F, 0x00, 0x00, 0x00, 0x00, 0x00, 0x00, 0x00, 0x00, 0x00, 0x00, 0x00, 0x00, 0x00, 0x00, 
},
/* "｛", 112 */
{
  0x00, 0x00, 0x00, 0x00, 0x00, 0x00, 0x00, 0x00, 0x00, 0x00, 0x78, 0x00, 0x00, 0x00, 0x7C, 0x00, 
  0x00, 0x00, 0x0C, 0x00, 0x00, 0x00, 0x0C, 0x00, 0x00, 0x00, 0x0C, 0x00, 0x00, 0x00, 0x0C, 0x00, 
  0x00, 0x00, 0x0C, 0x00, 0x00, 0x00, 0x0C, 0x00, 0x00, 0x00, 0x0C, 0x00, 0x00, 0x00, 0x0C, 0x00, 
  0x00, 0x00, 0x0C, 0x00, 0x00, 0x00, 0x0C, 0x00, 0x00, 0x80, 0x07, 0x00, 0x00, 0x80, 0x03, 0x00, 
  0x00, 0x80, 0x07, 0x00, 0x00, 0x00, 0x0E, 0x00, 0x00, 0x00, 0x0C, 0x00, 0x00, 0x00, 0x0C, 0x00, 
  0x00, 0x00, 0x0C, 0x00, 0x00, 0x00, 0x0C, 0x00, 0x00, 0x00, 0x0C, 0x00, 0x00, 0x00, 0x0C, 0x00, 
  0x00, 0x00, 0x0C, 0x00, 0x00, 0x00, 0x0C, 0x00, 0x00, 0x00, 0x0C, 0x00, 0x00, 0x00, 0x0C, 0x00, 
  0x00, 0x00, 0x7C, 0x00, 0x00, 0x00, 0x00, 0x00, 0x00, 0x00, 0x00, 0x00, 0x00, 0x00, 0x00, 0x00, 
},
/* "｝", 113 */
{
  0x00, 0x00, 0x00, 0x00, 0x00, 0x00, 0x00, 0x00, 0x00, 0x0F, 0x00, 0x00, 0x00, 0x1F, 0x00, 0x00, 
  0x00, 0x18, 0x00, 0x00, 0x00, 0x18, 0x00, 0x00, 0x00, 0x18, 0x00, 0x00, 0x00, 0x18, 0x00, 0x00, 
  0x00, 0x18, 0x00, 0x00, 0x00, 0x18, 0x00, 0x00, 0x00, 0x18, 0x00, 0x00, 0x00, 0x18, 0x00, 0x00, 
  0x00, 0x18, 0x00, 0x00, 0x00, 0x18, 0x00, 0x00, 0x00, 0x78, 0x00, 0x00, 0x00, 0x70, 0x00, 0x00, 
  0x00, 0x70, 0x00, 0x00, 0x00, 0x38, 0x00, 0x00, 0x00, 0x18, 0x00, 0x00, 0x00, 0x18, 0x00, 0x00, 
  0x00, 0x18, 0x00, 0x00, 0x00, 0x18, 0x00, 0x00, 0x00, 0x18, 0x00, 0x00, 0x00, 0x18, 0x00, 0x00, 
  0x00, 0x18, 0x00, 0x00, 0x00, 0x18, 0x00, 0x00, 0x00, 0x18, 0x00, 0x00, 0x00, 0x1C, 0x00, 0x00, 
  0x00, 0x0F, 0x00, 0x00, 0x00, 0x00, 0x00, 0x00, 0x00, 0x00, 0x00, 0x00, 0x00, 0x00, 0x00, 0x00, 
},
/* "［", 114 */
{
  0x00, 0x00, 0x00, 0x00, 0x00, 0x00, 0x00, 0x00, 0x00, 0x00, 0xFE, 0x07, 0x00, 0x00, 0xFE, 0x07, 
  0x00, 0x00, 0x06, 0x00, 0x00, 0x00, 0x06, 0x00, 0x00, 0x00, 0x06, 0x00, 0x00, 0x00, 0x06, 0x00, 
  0x00, 0x00, 0x06, 0x00, 0x00, 0x00, 0x06, 0x00, 0x00, 0x00, 0x06, 0x00, 0x00, 0x00, 0x06, 0x00, 
  0x00, 0x00, 0x06, 0x00, 0x00, 0x00, 0x06, 0x00, 0x00, 0x00, 0x06, 0x00, 0x00, 0x00, 0x06, 0x00, 
  0x00, 0x00, 0x06, 0x00, 0x00, 0x00, 0x06, 0x00, 0x00, 0x00, 0x06, 0x00, 0x00, 0x00, 0x06, 0x00, 
  0x00, 0x00, 0x06, 0x00, 0x00, 0x00, 0x06, 0x00, 0x00, 0x00, 0x06, 0x00, 0x00, 0x00, 0x06, 0x00, 
  0x00, 0x00, 0x06, 0x00, 0x00, 0x00, 0x06, 0x00, 0x00, 0x00, 0x06, 0x00, 0x00, 0x00, 0x06, 0x00, 
  0x00, 0x00, 0xFE, 0x07, 0x00, 0x00, 0xFE, 0x07, 0x00, 0x00, 0x00, 0x00, 0x00, 0x00, 0x00, 0x00, 
},
/* "］", 115 */
{
  0x00, 0x00, 0x00, 0x00, 0x00, 0x00, 0x00, 0x00, 0xF0, 0x3F, 0x00, 0x00, 0xF0, 0x3F, 0x00, 0x00, 
  0x00, 0x30, 0x00, 0x00, 0x00, 0x30, 0x00, 0x00, 0x00, 0x30, 0x00, 0x00, 0x00, 0x30, 0x00, 0x00, 
  0x00, 0x30, 0x00, 0x00, 0x00, 0x30, 0x00, 0x00, 0x00, 0x30, 0x00, 0x00, 0x00, 0x30, 0x00, 0x00, 
  0x00, 0x30, 0x00, 0x00, 0x00, 0x30, 0x00, 0x00, 0x00, 0x30, 0x00, 0x00, 0x00, 0x30, 0x00, 0x00, 
  0x00, 0x30, 0x00, 0x00, 0x00, 0x30, 0x00, 0x00, 0x00, 0x30, 0x00, 0x00, 0x00, 0x30, 0x00, 0x00, 
  0x00, 0x30, 0x00, 0x00, 0x00, 0x30, 0x00, 0x00, 0x00, 0x30, 0x00, 0x00, 0x00, 0x30, 0x00, 0x00, 
  0x00, 0x30, 0x00, 0x00, 0x00, 0x30, 0x00, 0x00, 0x00, 0x30, 0x00, 0x00, 0x00, 0x30, 0x00, 0x00, 
  0xF0, 0x3F, 0x00, 0x00, 0xF0, 0x3F, 0x00, 0x00, 0x00, 0x00, 0x00, 0x00, 0x00, 0x00, 0x00, 0x00, 
},
/* "〖", 116 */
{
  0x00, 0x00, 0x00, 0x00, 0x00, 0x00, 0x00, 0x00, 0x00, 0x00, 0x00, 0x00, 0x00, 0x80, 0xFF, 0x07, 
  0x00, 0x80, 0x00, 0x03, 0x00, 0x80, 0x80, 0x01, 0x00, 0x80, 0x80, 0x00, 0x00, 0x80, 0x40, 0x00, 
  0x00, 0x80, 0x60, 0x00, 0x00, 0x80, 0x20, 0x00, 0x00, 0x80, 0x10, 0x00, 0x00, 0x80, 0x10, 0x00, 
  0x00, 0x80, 0x18, 0x00, 0x00, 0x80, 0x08, 0x00, 0x00, 0x80, 0x08, 0x00, 0x00, 0x80, 0x08, 0x00, 
  0x00, 0x80, 0x08, 0x00, 0x00, 0x80, 0x08, 0x00, 0x00, 0x80, 0x08, 0x00, 0x00, 0x80, 0x18, 0x00, 
  0x00, 0x80, 0x10, 0x00, 0x00, 0x80, 0x30, 0x00, 0x00, 0x80, 0x20, 0x00, 0x00, 0x80, 0x60, 0x00, 
  0x00, 0x80, 0x40, 0x00, 0x00, 0x80, 0x80, 0x00, 0x00, 0x80, 0x80, 0x01, 0x00, 0x80, 0x00, 0x03, 
  0x00, 0x80, 0xFF, 0x07, 0x00, 0x00, 0x00, 0x00, 0x00, 0x00, 0x00, 0x00, 0x00, 0x00, 0x00, 0x00, 
},
/* "〗", 117 */
{
  0x00, 0x00, 0x00, 0x00, 0x00, 0x00, 0x00, 0x00, 0x00, 0x00, 0x00, 0x00, 0xF0, 0xFF, 0x00, 0x00, 
  0x60, 0x80, 0x00, 0x00, 0xC0, 0x80, 0x00, 0x00, 0x80, 0x81, 0x00, 0x00, 0x00, 0x81, 0x00, 0x00, 
  0x00, 0x83, 0x00, 0x00, 0x00, 0x82, 0x00, 0x00, 0x00, 0x86, 0x00, 0x00, 0x00, 0x84, 0x00, 0x00, 
  0x00, 0x84, 0x00, 0x00, 0x00, 0x8C, 0x00, 0x00, 0x00, 0x88, 0x00, 0x00, 0x00, 0x88, 0x00, 0x00, 
  0x00, 0x88, 0x00, 0x00, 0x00, 0x88, 0x00, 0x00, 0x00, 0x8C, 0x00, 0x00, 0x00, 0x84, 0x00, 0x00, 
  0x00, 0x84, 0x00, 0x00, 0x00, 0x82, 0x00, 0x00, 0x00, 0x82, 0x00, 0x00, 0x00, 0x81, 0x00, 0x00, 
  0x80, 0x81, 0x00, 0x00, 0xC0, 0x80, 0x00, 0x00, 0x40, 0x80, 0x00, 0x00, 0xE0, 0xFF, 0x00, 0x00, 
  0xF0, 0xFF, 0x00, 0x00, 0x00, 0x00, 0x00, 0x00, 0x00, 0x00, 0x00, 0x00, 0x00, 0x00, 0x00, 0x00, 
},
/* "·", 118 */
{
  0x00, 0x00, 0x00, 0x00, 0x00, 0x00, 0x00, 0x00, 0x00, 0x00, 0x00, 0x00, 0x00, 0x00, 0x00, 0x00, 
  0x00, 0x00, 0x00, 0x00, 0x00, 0x00, 0x00, 0x00, 0x00, 0x00, 0x00, 0x00, 0x00, 0x00, 0x00, 0x00, 
  0x00, 0x00, 0x00, 0x00, 0x00, 0x00, 0x00, 0x00, 0x00, 0x00, 0x00, 0x00, 0x00, 0x00, 0x00, 0x00, 
  0x00, 0xC0, 0x01, 0x00, 0x00, 0xE0, 0x03, 0x00, 0x00, 0xF0, 0x07, 0x00, 0x00, 0xF0, 0x07, 0x00, 
  0x00, 0xF0, 0x07, 0x00, 0x00, 0xF0, 0x07, 0x00, 0x00, 0xE0, 0x03, 0x00, 0x00, 0x00, 0x00, 0x00, 
  0x00, 0x00, 0x00, 0x00, 0x00, 0x00, 0x00, 0x00, 0x00, 0x00, 0x00, 0x00, 0x00, 0x00, 0x00, 0x00, 
  0x00, 0x00, 0x00, 0x00, 0x00, 0x00, 0x00, 0x00, 0x00, 0x00, 0x00, 0x00, 0x00, 0x00, 0x00, 0x00, 
  0x00, 0x00, 0x00, 0x00, 0x00, 0x00, 0x00, 0x00, 0x00, 0x00, 0x00, 0x00, 0x00, 0x00, 0x00, 0x00, 
},
/* "…", 119 */
{
  0x00, 0x00, 0x00, 0x00, 0x00, 0x00, 0x00, 0x00, 0x00, 0x00, 0x00, 0x00, 0x00, 0x00, 0x00, 0x00, 
  0x00, 0x00, 0x00, 0x00, 0x00, 0x00, 0x00, 0x00, 0x00, 0x00, 0x00, 0x00, 0x00, 0x00, 0x00, 0x00, 
  0x00, 0x00, 0x00, 0x00, 0x00, 0x00, 0x00, 0x00, 0x00, 0x00, 0x00, 0x00, 0x00, 0x00, 0x00, 0x00, 
  0x00, 0x00, 0x00, 0x00, 0x00, 0x00, 0x00, 0x00, 0x70, 0xC0, 0x01, 0x07, 0xF8, 0xE0, 0x83, 0x0F, 
  0xF8, 0xE0, 0x83, 0x0F, 0xF8, 0xE0, 0x83, 0x07, 0x60, 0xC0, 0x00, 0x03, 0x00, 0x00, 0x00, 0x00, 
  0x00, 0x00, 0x00, 0x00, 0x00, 0x00, 0x00, 0x00, 0x00, 0x00, 0x00, 0x00, 0x00, 0x00, 0x00, 0x00, 
  0x00, 0x00, 0x00, 0x00, 0x00, 0x00, 0x00, 0x00, 0x00, 0x00, 0x00, 0x00, 0x00, 0x00, 0x00, 0x00, 
  0x00, 0x00, 0x00, 0x00, 0x00, 0x00, 0x00, 0x00, 0x00, 0x00, 0x00, 0x00, 0x00, 0x00, 0x00, 0x00, 
},
/* "—", 120 */
{
  0x00, 0x00, 0x00, 0x00, 0x00, 0x00, 0x00, 0x00, 0x00, 0x00, 0x00, 0x00, 0x00, 0x00, 0x00, 0x00, 
  0x00, 0x00, 0x00, 0x00, 0x00, 0x00, 0x00, 0x00, 0x00, 0x00, 0x00, 0x00, 0x00, 0x00, 0x00, 0x00, 
  0x00, 0x00, 0x00, 0x00, 0x00, 0x00, 0x00, 0x00, 0x00, 0x00, 0x00, 0x00, 0x00, 0x00, 0x00, 0x00, 
  0x00, 0x00, 0x00, 0x00, 0x00, 0x00, 0x00, 0x00, 0x00, 0x00, 0x00, 0x00, 0xFF, 0xFF, 0xFF, 0x7F, 
  0xFF, 0xFF, 0xFF, 0x7F, 0x00, 0x00, 0x00, 0x00, 0x00, 0x00, 0x00, 0x00, 0x00, 0x00, 0x00, 0x00, 
  0x00, 0x00, 0x00, 0x00, 0x00, 0x00, 0x00, 0x00, 0x00, 0x00, 0x00, 0x00, 0x00, 0x00, 0x00, 0x00, 
  0x00, 0x00, 0x00, 0x00, 0x00, 0x00, 0x00, 0x00, 0x00, 0x00, 0x00, 0x00, 0x00, 0x00, 0x00, 0x00, 
  0x00, 0x00, 0x00, 0x00, 0x00, 0x00, 0x00, 0x00, 0x00, 0x00, 0x00, 0x00, 0x00, 0x00, 0x00, 0x00, 
},
/* "～", 121 */
{
  0x00, 0x00, 0x00, 0x00, 0x00, 0x00, 0x00, 0x00, 0x00, 0x00, 0x00, 0x00, 0x00, 0x00, 0x00, 0x00, 
  0x00, 0x00, 0x00, 0x00, 0x00, 0x00, 0x00, 0x00, 0x00, 0x00, 0x00, 0x00, 0x00, 0x00, 0x00, 0x00, 
  0x00, 0x00, 0x00, 0x00, 0x00, 0x00, 0x00, 0x00, 0x00, 0x00, 0x00, 0x00, 0x00, 0x00, 0x00, 0x00, 
  0x00, 0x02, 0x00, 0x00, 0xE0, 0x1F, 0x00, 0x00, 0xF8, 0x7C, 0x00, 0x18, 0x18, 0xE0, 0x01, 0x1C, 
  0x0C, 0xC0, 0x03, 0x0E, 0x04, 0x00, 0xFF, 0x07, 0x00, 0x00, 0xFC, 0x01, 0x00, 0x00, 0x00, 0x00, 
  0x00, 0x00, 0x00, 0x00, 0x00, 0x00, 0x00, 0x00, 0x00, 0x00, 0x00, 0x00, 0x00, 0x00, 0x00, 0x00, 
  0x00, 0x00, 0x00, 0x00, 0x00, 0x00, 0x00, 0x00, 0x00, 0x00, 0x00, 0x00, 0x00, 0x00, 0x00, 0x00, 
  0x00, 0x00, 0x00, 0x00, 0x00, 0x00, 0x00, 0x00, 0x00, 0x00, 0x00, 0x00, 0x00, 0x00, 0x00, 0x00, 
},
/* "｜", 122 */
{
  0x00, 0x00, 0x00, 0x00, 0x00, 0x00, 0x00, 0x00, 0x00, 0x00, 0x00, 0x00, 0x00, 0x80, 0x00, 0x00, 
  0x00, 0x80, 0x00, 0x00, 0x00, 0x80, 0x00, 0x00, 0x00, 0x80, 0x00, 0x00, 0x00, 0x80, 0x00, 0x00, 
  0x00, 0x80, 0x00, 0x00, 0x00, 0x80, 0x00, 0x00, 0x00, 0x80, 0x00, 0x00, 0x00, 0x80, 0x00, 0x00, 
  0x00, 0x80, 0x00, 0x00, 0x00, 0x80, 0x00, 0x00, 0x00, 0x80, 0x00, 0x00, 0x00, 0x80, 0x00, 0x00, 
  0x00, 0x80, 0x00, 0x00, 0x00, 0x80, 0x00, 0x00, 0x00, 0x80, 0x00, 0x00, 0x00, 0x80, 0x00, 0x00, 
  0x00, 0x80, 0x00, 0x00, 0x00, 0x80, 0x00, 0x00, 0x00, 0x80, 0x00, 0x00, 0x00, 0x80, 0x00, 0x00, 
  0x00, 0x80, 0x00, 0x00, 0x00, 0x80, 0x00, 0x00, 0x00, 0x80, 0x00, 0x00, 0x00, 0x80, 0x00, 0x00, 
  0x00, 0x80, 0x00, 0x00, 0x00, 0x00, 0x00, 0x00, 0x00, 0x00, 0x00, 0x00, 0x00, 0x00, 0x00, 0x00, 
},
/* "／", 123 */
{
  0x00, 0x00, 0x00, 0x00, 0x00, 0x00, 0x00, 0x00, 0x00, 0x00, 0x00, 0x00, 0x00, 0x00, 0x10, 0x00, 
  0x00, 0x00, 0x30, 0x00, 0x00, 0x00, 0x18, 0x00, 0x00, 0x00, 0x18, 0x00, 0x00, 0x00, 0x0C, 0x00, 
  0x00, 0x00, 0x0C, 0x00, 0x00, 0x00, 0x0C, 0x00, 0x00, 0x00, 0x06, 0x00, 0x00, 0x00, 0x06, 0x00, 
  0x00, 0x00, 0x03, 0x00, 0x00, 0x00, 0x03, 0x00, 0x00, 0x80, 0x01, 0x00, 0x00, 0x80, 0x01, 0x00, 
  0x00, 0xC0, 0x00, 0x00, 0x00, 0xC0, 0x00, 0x00, 0x00, 0xC0, 0x00, 0x00, 0x00, 0x60, 0x00, 0x00, 
  0x00, 0x60, 0x00, 0x00, 0x00, 0x30, 0x00, 0x00, 0x00, 0x30, 0x00, 0x00, 0x00, 0x18, 0x00, 0x00, 
  0x00, 0x18, 0x00, 0x00, 0x00, 0x0C, 0x00, 0x00, 0x00, 0x0C, 0x00, 0x00, 0x00, 0x04, 0x00, 0x00, 
  0x00, 0x00, 0x00, 0x00, 0x00, 0x00, 0x00, 0x00, 0x00, 0x00, 0x00, 0x00, 0x00, 0x00, 0x00, 0x00, 
},
/* "＼", 124 */
{
  0x00, 0x00, 0x00, 0x00, 0x00, 0x00, 0x00, 0x00, 0x00, 0x01, 0x00, 0x00, 0x00, 0x03, 0x00, 0x00, 
  0x00, 0x07, 0x00, 0x00, 0x00, 0x06, 0x00, 0x00, 0x00, 0x0E, 0x00, 0x00, 0x00, 0x0C, 0x00, 0x00, 
  0x00, 0x1C, 0x00, 0x00, 0x00, 0x38, 0x00, 0x00, 0x00, 0x30, 0x00, 0x00, 0x00, 0x70, 0x00, 0x00, 
  0x00, 0x60, 0x00, 0x00, 0x00, 0xE0, 0x00, 0x00, 0x00, 0xC0, 0x01, 0x00, 0x00, 0x80, 0x01, 0x00, 
  0x00, 0x80, 0x03, 0x00, 0x00, 0x00, 0x03, 0x00, 0x00, 0x00, 0x07, 0x00, 0x00, 0x00, 0x06, 0x00, 
  0x00, 0x00, 0x0C, 0x00, 0x00, 0x00, 0x1C, 0x00, 0x00, 0x00, 0x18, 0x00, 0x00, 0x00, 0x38, 0x00, 
  0x00, 0x00, 0x30, 0x00, 0x00, 0x00, 0x70, 0x00, 0x00, 0x00, 0xE0, 0x00, 0x00, 0x00, 0xC0, 0x00, 
  0x00, 0x00, 0xC0, 0x01, 0x00, 0x00, 0x00, 0x00, 0x00, 0x00, 0x00, 0x00, 0x00, 0x00, 0x00, 0x00, 
},
/* "＊", 125 */
{
  0x00, 0x00, 0x00, 0x00, 0x00, 0x00, 0x00, 0x00, 0x00, 0x00, 0x00, 0x00, 0x00, 0x00, 0x00, 0x00, 
  0x00, 0x00, 0x00, 0x00, 0x00, 0x00, 0x00, 0x00, 0x00, 0xC0, 0x01, 0x00, 0x00, 0xC0, 0x01, 0x00, 
  0x00, 0xC0, 0x01, 0x00, 0x00, 0xC0, 0x01, 0x00, 0x00, 0xC0, 0x01, 0x00, 0x00, 0x80, 0x00, 0x00, 
  0xC0, 0x81, 0xC0, 0x01, 0xC0, 0x8F, 0xF0, 0x01, 0xC0, 0xBF, 0xFE, 0x01, 0x00, 0xE0, 0x03, 0x00, 
  0x00, 0x40, 0x01, 0x00, 0x00, 0x60, 0x03, 0x00, 0x00, 0x30, 0x06, 0x00, 0x00, 0x38, 0x0E, 0x00, 
  0x00, 0x1C, 0x1C, 0x00, 0x00, 0x1E, 0x3C, 0x00, 0x00, 0x0F, 0x38, 0x00, 0x00, 0x04, 0x18, 0x00, 
  0x00, 0x00, 0x00, 0x00, 0x00, 0x00, 0x00, 0x00, 0x00, 0x00, 0x00, 0x00, 0x00, 0x00, 0x00, 0x00, 
  0x00, 0x00, 0x00, 0x00, 0x00, 0x00, 0x00, 0x00, 0x00, 0x00, 0x00, 0x00, 0x00, 0x00, 0x00, 0x00, 
},
/* "＃", 126 */
{
  0x00, 0x00, 0x00, 0x00, 0x00, 0x00, 0x00, 0x00, 0x00, 0x00, 0x00, 0x00, 0x00, 0x00, 0x00, 0x00, 
  0x00, 0x00, 0x00, 0x00, 0x00, 0x70, 0x18, 0x00, 0x00, 0x30, 0x18, 0x00, 0x00, 0x30, 0x18, 0x00, 
  0x00, 0x30, 0x18, 0x00, 0x00, 0x30, 0x18, 0x00, 0x00, 0xFF, 0xFF, 0x00, 0x00, 0xFF, 0xFF, 0x00, 
  0x00, 0x30, 0x0C, 0x00, 0x00, 0x38, 0x0C, 0x00, 0x00, 0x18, 0x0C, 0x00, 0x00, 0x18, 0x0C, 0x00, 
  0x00, 0x18, 0x0C, 0x00, 0x00, 0x18, 0x0C, 0x00, 0x00, 0x18, 0x0E, 0x00, 0x00, 0x18, 0x06, 0x00, 
  0xC0, 0xFF, 0x7F, 0x00, 0xC0, 0xFF, 0x7F, 0x00, 0x00, 0x0C, 0x06, 0x00, 0x00, 0x0C, 0x06, 0x00, 
  0x00, 0x0C, 0x06, 0x00, 0x00, 0x0C, 0x06, 0x00, 0x00, 0x0C, 0x03, 0x00, 0x00, 0x00, 0x00, 0x00, 
  0x00, 0x00, 0x00, 0x00, 0x00, 0x00, 0x00, 0x00, 0x00, 0x00, 0x00, 0x00, 0x00, 0x00, 0x00, 0x00, 
},
/* "＆", 127 */
{
  0x00, 0x00, 0x00, 0x00, 0x00, 0x00, 0x00, 0x00, 0x00, 0x00, 0x00, 0x00, 0x00, 0x00, 0x00, 0x00, 
  0x00, 0x00, 0x00, 0x00, 0x00, 0x00, 0x00, 0x00, 0x00, 0xF8, 0x03, 0x00, 0x00, 0xBC, 0x07, 0x00, 
  0x00, 0x0C, 0x0E, 0x00, 0x00, 0x0E, 0x0C, 0x00, 0x00, 0x06, 0x0C, 0x00, 0x00, 0x0E, 0x0C, 0x00, 
  0x00, 0x0C, 0x06, 0x00, 0x00, 0x8C, 0x07, 0x00, 0x00, 0xF8, 0x01, 0x00, 0x00, 0x7C, 0xF0, 0x03, 
  0x00, 0x3F, 0xC0, 0x00, 0x80, 0x73, 0x60, 0x00, 0xC0, 0xE1, 0x60, 0x00, 0xC0, 0xC0, 0x70, 0x00, 
  0xE0, 0xC0, 0x31, 0x00, 0x60, 0x80, 0x1B, 0x00, 0xE0, 0x00, 0x1F, 0x00, 0xE0, 0x00, 0x0E, 0x02, 
  0xC0, 0x81, 0x1F, 0x07, 0x80, 0xFF, 0xF9, 0x03, 0x00, 0xFF, 0xE0, 0x01, 0x00, 0x1C, 0x00, 0x00, 
  0x00, 0x00, 0x00, 0x00, 0x00, 0x00, 0x00, 0x00, 0x00, 0x00, 0x00, 0x00, 0x00, 0x00, 0x00, 0x00, 
},
/* "％", 128 */
{
  0x00, 0x00, 0x00, 0x00, 0x00, 0x00, 0x00, 0x00, 0x00, 0x00, 0x00, 0x00, 0x00, 0x00, 0x00, 0x00, 
  0x00, 0x00, 0x00, 0x00, 0x80, 0x03, 0x00, 0x00, 0xE0, 0x0F, 0x00, 0x06, 0x60, 0x0C, 0x00, 0x07, 
  0x30, 0x18, 0xC0, 0x03, 0x30, 0x18, 0xE0, 0x01, 0x30, 0x18, 0x70, 0x00, 0x30, 0x18, 0x38, 0x00, 
  0x30, 0x18, 0x1C, 0x00, 0x70, 0x1C, 0x0E, 0x00, 0xE0, 0x0E, 0x07, 0x00, 0xC0, 0x87, 0x03, 0x00, 
  0x00, 0xC0, 0xE1, 0x00, 0x00, 0xE0, 0xF8, 0x03, 0x00, 0x70, 0x18, 0x03, 0x00, 0x38, 0x0C, 0x06, 
  0x00, 0x1C, 0x0C, 0x06, 0x00, 0x0E, 0x0C, 0x06, 0x00, 0x07, 0x0C, 0x06, 0x80, 0x03, 0x0C, 0x06, 
  0xC0, 0x01, 0x1C, 0x07, 0xE0, 0x00, 0xB8, 0x03, 0x60, 0x00, 0xF0, 0x01, 0x00, 0x00, 0x00, 0x00, 
  0x00, 0x00, 0x00, 0x00, 0x00, 0x00, 0x00, 0x00, 0x00, 0x00, 0x00, 0x00, 0x00, 0x00, 0x00, 0x00, 
},
/* "＠", 129 */
{
  0x00, 0x00, 0x00, 0x00, 0x00, 0x00, 0x00, 0x00, 0x00, 0x00, 0x00, 0x00, 0x00, 0x00, 0x00, 0x00, 
  0x00, 0xF8, 0x0F, 0x00, 0x00, 0xFE, 0x7F, 0x00, 0x00, 0x0F, 0xF0, 0x00, 0x80, 0x03, 0xC0, 0x01, 
  0xC0, 0x01, 0x80, 0x03, 0xE0, 0xE0, 0x77, 0x03, 0x60, 0xF8, 0x3F, 0x06, 0x70, 0x38, 0x3C, 0x06, 
  0x30, 0x1C, 0x38, 0x06, 0x30, 0x0E, 0x18, 0x06, 0x30, 0x0E, 0x18, 0x06, 0x38, 0x06, 0x1C, 0x06, 
  0x38, 0x06, 0x0C, 0x06, 0x30, 0x06, 0x0C, 0x03, 0x30, 0x06, 0x0E, 0x03, 0x30, 0x06, 0x87, 0x03, 
  0x70, 0xCE, 0xCF, 0x01, 0x60, 0xFC, 0xFD, 0x00, 0xE0, 0x78, 0x3C, 0x00, 0xC0, 0x01, 0x80, 0x00, 
  0xC0, 0x03, 0xE0, 0x01, 0x80, 0x0F, 0x78, 0x00, 0x00, 0xFE, 0x3F, 0x00, 0x00, 0xF8, 0x0F, 0x00, 
  0x00, 0x00, 0x00, 0x00, 0x00, 0x00, 0x00, 0x00, 0x00, 0x00, 0x00, 0x00, 0x00, 0x00, 0x00, 0x00, 
},
/* "※", 130 */
{
  0x00, 0x00, 0x00, 0x00, 0x00, 0x00, 0x00, 0x00, 0x00, 0x00, 0x00, 0x00, 0x10, 0x00, 0x00, 0x04, 
  0x38, 0xE0, 0x03, 0x0E, 0x70, 0xF0, 0x03, 0x07, 0xE0, 0xF0, 0x83, 0x03, 0xC0, 0xF1, 0xC3, 0x01, 
  0x80, 0xE3, 0xE3, 0x00, 0x00, 0xC7, 0x71, 0x00, 0x00, 0x0E, 0x38, 0x00, 0x00, 0x1C, 0x1C, 0x00, 
  0x00, 0x38, 0x0E, 0x00, 0xF0, 0x71, 0xC7, 0x07, 0xF8, 0xE1, 0xE3, 0x07, 0xF8, 0xC3, 0xE1, 0x07, 
  0xF0, 0xE3, 0xE3, 0x07, 0xF0, 0x71, 0xC7, 0x07, 0xE0, 0x38, 0x8E, 0x03, 0x00, 0x1C, 0x1C, 0x00, 
  0x00, 0x0E, 0x38, 0x00, 0x00, 0x87, 0x70, 0x00, 0x80, 0xE3, 0xE3, 0x00, 0xC0, 0xF1, 0xC3, 0x01, 
  0xE0, 0xF0, 0x83, 0x03, 0x70, 0xF0, 0x03, 0x07, 0x38, 0xE0, 0x03, 0x0E, 0x10, 0xC0, 0x00, 0x04, 
  0x00, 0x00, 0x00, 0x00, 0x00, 0x00, 0x00, 0x00, 0x00, 0x00, 0x00, 0x00, 0x00, 0x00, 0x00, 0x00, 
},
/* "§", 131 */
{
  0x00, 0x00, 0x00, 0x00, 0x00, 0x00, 0x00, 0x00, 0x00, 0x00, 0x00, 0x00, 0x00, 0xC0, 0x01, 0x00, 
  0x00, 0xF8, 0x07, 0x00, 0x00, 0x3C, 0x0E, 0x00, 0x00, 0x0C, 0x18, 0x00, 0x00, 0x0C, 0x18, 0x00, 
  0x00, 0x0C, 0x10, 0x00, 0x00, 0x0C, 0x00, 0x00, 0x00, 0x3C, 0x00, 0x00, 0x00, 0xF0, 0x01, 0x00, 
  0x00, 0xF0, 0x07, 0x00, 0x00, 0xBC, 0x1F, 0x00, 0x00, 0x0E, 0x1C, 0x00, 0x00, 0x06, 0x18, 0x00, 
  0x00, 0x0E, 0x18, 0x00, 0x00, 0x0E, 0x1C, 0x00, 0x00, 0xFC, 0x0F, 0x00, 0x00, 0xF0, 0x07, 0x00, 
  0x00, 0xC0, 0x07, 0x00, 0x00, 0x00, 0x1E, 0x00, 0x00, 0x00, 0x18, 0x00, 0x00, 0x04, 0x18, 0x00, 
  0x00, 0x0E, 0x18, 0x00, 0x00, 0x1C, 0x1C, 0x00, 0x00, 0xF8, 0x0F, 0x00, 0x00, 0xF0, 0x07, 0x00, 
  0x00, 0x00, 0x00, 0x00, 0x00, 0x00, 0x00, 0x00, 0x00, 0x00, 0x00, 0x00, 0x00, 0x00, 0x00, 0x00, 
},
/* "¶", 132 */
{
  0x00, 0x00, 0x00, 0x00, 0x00, 0x00, 0x00, 0x00, 0x00, 0x00, 0x00, 0x00, 0x00, 0x00, 0x00, 0x00, 
  0x00, 0x00, 0x00, 0x00, 0x00, 0x00, 0x00, 0x00, 0x00, 0x00, 0x00, 0x00, 0x00, 0x00, 0x00, 0x00, 
  0x00, 0x00, 0x00, 0x00, 0x00, 0x00, 0x00, 0x00, 0x00, 0x00, 0x00, 0x00, 0x00, 0x00, 0x00, 0x00, 
  0x00, 0x00, 0x00, 0x00, 0x00, 0x00, 0x00, 0x00, 0x00, 0x00, 0x00, 0x00, 0x00, 0x00, 0x00, 0x00, 
  0x00, 0x00, 0x00, 0x00, 0x00, 0x00, 0x00, 0x00, 0x00, 0x00, 0x00, 0x00, 0x00, 0x00, 0x00, 0x00, 
  0x00, 0x00, 0x00, 0x00, 0x00, 0x00, 0x00, 0x00, 0x00, 0x00, 0x00, 0x00, 0x00, 0x00, 0x00, 0x00, 
  0x00, 0x00, 0x00, 0x00, 0x00, 0x00, 0x00, 0x00, 0x00, 0x00, 0x00, 0x00, 0x00, 0x00, 0x00, 0x00, 
  0x00, 0x00, 0x00, 0x00, 0x00, 0x00, 0x00, 0x00, 0x00, 0x00, 0x00, 0x00, 0x00, 0x00, 0x00, 0x00, 
},
/* "†", 133 */
{
  0x00, 0x00, 0x00, 0x00, 0x00, 0x00, 0x00, 0x00, 0x00, 0x00, 0x00, 0x00, 0x00, 0x00, 0x00, 0x00, 
  0x00, 0x00, 0x00, 0x00, 0x00, 0x00, 0x00, 0x00, 0x00, 0x00, 0x00, 0x00, 0x00, 0x00, 0x00, 0x00, 
  0x00, 0x00, 0x00, 0x00, 0x00, 0x00, 0x00, 0x00, 0x18, 0x00, 0x00, 0x00, 0x18, 0x00, 0x00, 0x00, 
  0x18, 0x00, 0x00, 0x00, 0x18, 0x00, 0x00, 0x00, 0xFF, 0x00, 0x00, 0x00, 0xFF, 0x00, 0x00, 0x00, 
  0x18, 0x00, 0x00, 0x00, 0x18, 0x00, 0x00, 0x00, 0x18, 0x00, 0x00, 0x00, 0x18, 0x00, 0x00, 0x00, 
  0x18, 0x00, 0x00, 0x00, 0x18, 0x00, 0x00, 0x00, 0x18, 0x00, 0x00, 0x00, 0x00, 0x00, 0x00, 0x00, 
  0x00, 0x00, 0x00, 0x00, 0x00, 0x00, 0x00, 0x00, 0x00, 0x00, 0x00, 0x00, 0x00, 0x00, 0x00, 0x00, 
  0x00, 0x00, 0x00, 0x00, 0x00, 0x00, 0x00, 0x00, 0x00, 0x00, 0x00, 0x00, 0x00, 0x00, 0x00, 0x00, 
},
/* "‡", 134 */
{
  0x00, 0x00, 0x00, 0x00, 0x00, 0x00, 0x00, 0x00, 0x00, 0x00, 0x00, 0x00, 0x00, 0x00, 0x00, 0x00, 
  0x00, 0x00, 0x00, 0x00, 0x00, 0x00, 0x00, 0x00, 0x00, 0x00, 0x00, 0x00, 0x00, 0x00, 0x00, 0x00, 
  0x00, 0x00, 0x00, 0x00, 0x00, 0x00, 0x00, 0x00, 0x18, 0x00, 0x00, 0x00, 0x18, 0x00, 0x00, 0x00, 
  0x18, 0x00, 0x00, 0x00, 0xFF, 0x00, 0x00, 0x00, 0xFF, 0x00, 0x00, 0x00, 0x18, 0x00, 0x00, 0x00, 
  0x08, 0x00, 0x00, 0x00, 0x18, 0x00, 0x00, 0x00, 0xFF, 0x00, 0x00, 0x00, 0xFF, 0x00, 0x00, 0x00, 
  0x18, 0x00, 0x00, 0x00, 0x18, 0x00, 0x00, 0x00, 0x18, 0x00, 0x00, 0x00, 0x00, 0x00, 0x00, 0x00, 
  0x00, 0x00, 0x00, 0x00, 0x00, 0x00, 0x00, 0x00, 0x00, 0x00, 0x00, 0x00, 0x00, 0x00, 0x00, 0x00, 
  0x00, 0x00, 0x00, 0x00, 0x00, 0x00, 0x00, 0x00, 0x00, 0x00, 0x00, 0x00, 0x00, 0x00, 0x00, 0x00, 
},
/* "〃", 135 */
{
  0x00, 0x00, 0x00, 0x00, 0x00, 0x00, 0x00, 0x00, 0x00, 0x00, 0x00, 0x00, 0x00, 0x00, 0x00, 0x00, 
  0x00, 0x00, 0x00, 0x00, 0x00, 0x00, 0x00, 0x00, 0x00, 0x00, 0x00, 0x00, 0x00, 0x00, 0x00, 0x00, 
  0x00, 0x00, 0x00, 0x00, 0x00, 0x00, 0x00, 0x00, 0x00, 0x00, 0x00, 0x00, 0x00, 0xE0, 0x00, 0x00, 
  0x00, 0xE0, 0x0C, 0x00, 0x00, 0x70, 0x1C, 0x00, 0x00, 0x30, 0x0E, 0x00, 0x00, 0x38, 0x06, 0x00, 
  0x00, 0x18, 0x07, 0x00, 0x00, 0x08, 0x03, 0x00, 0x00, 0x8C, 0x01, 0x00, 0x00, 0x84, 0x01, 0x00, 
  0x00, 0x80, 0x00, 0x00, 0x00, 0x00, 0x00, 0x00, 0x00, 0x00, 0x00, 0x00, 0x00, 0x00, 0x00, 0x00, 
  0x00, 0x00, 0x00, 0x00, 0x00, 0x00, 0x00, 0x00, 0x00, 0x00, 0x00, 0x00, 0x00, 0x00, 0x00, 0x00, 
  0x00, 0x00, 0x00, 0x00, 0x00, 0x00, 0x00, 0x00, 0x00, 0x00, 0x00, 0x00, 0x00, 0x00, 0x00, 0x00, 
},
/* "々", 136 */
{
  0x00, 0x00, 0x00, 0x00, 0x00, 0x00, 0x00, 0x00, 0x00, 0x00, 0x00, 0x00, 0x00, 0x00, 0x00, 0x00, 
  0x00, 0x20, 0x00, 0x00, 0x00, 0x60, 0x00, 0x00, 0x00, 0x20, 0x00, 0x00, 0x00, 0x30, 0x00, 0x00, 
  0x00, 0x10, 0x00, 0x00, 0x00, 0x18, 0x70, 0x00, 0x00, 0xC8, 0xFF, 0x00, 0x00, 0x7C, 0x60, 0x00, 
  0x00, 0x04, 0x30, 0x00, 0x00, 0x02, 0x10, 0x00, 0x00, 0x01, 0x18, 0x00, 0x00, 0x00, 0x08, 0x00, 
  0x00, 0x00, 0x0C, 0x00, 0x00, 0x00, 0x04, 0x00, 0x00, 0x00, 0x06, 0x00, 0x00, 0x60, 0x02, 0x00, 
  0x00, 0xC0, 0x01, 0x00, 0x00, 0x80, 0x03, 0x00, 0x00, 0x00, 0x07, 0x00, 0x00, 0x00, 0x0E, 0x00, 
  0x00, 0x00, 0x0C, 0x00, 0x00, 0x00, 0x04, 0x00, 0x00, 0x00, 0x00, 0x00, 0x00, 0x00, 0x00, 0x00, 
  0x00, 0x00, 0x00, 0x00, 0x00, 0x00, 0x00, 0x00, 0x00, 0x00, 0x00, 0x00, 0x00, 0x00, 0x00, 0x00, 
},
/* "〆", 137 */
{
  0x00, 0x00, 0x00, 0x00, 0x00, 0x00, 0x00, 0x00, 0x00, 0x00, 0x00, 0x00, 0x00, 0x00, 0x00, 0x00, 
  0x00, 0x00, 0x38, 0x00, 0x00, 0x00, 0x70, 0x00, 0x00, 0x00, 0xE0, 0x00, 0x00, 0x00, 0x70, 0x00, 
  0x00, 0x00, 0x30, 0x00, 0x00, 0x3C, 0x38, 0x00, 0x00, 0xFE, 0x1C, 0x00, 0x00, 0xC3, 0x0F, 0x00, 
  0x80, 0x81, 0x07, 0x00, 0x80, 0x01, 0x07, 0x00, 0x80, 0x80, 0x0F, 0x00, 0xC0, 0xC0, 0x0F, 0x00, 
  0xC0, 0xE0, 0x0C, 0x00, 0x40, 0x70, 0x04, 0x00, 0x40, 0x38, 0x00, 0x00, 0x40, 0x1C, 0x00, 0x00, 
  0x40, 0x0E, 0x00, 0x00, 0x40, 0x07, 0x00, 0x00, 0xC0, 0x03, 0x00, 0x00, 0xC0, 0x01, 0x00, 0x00, 
  0xC0, 0x00, 0x00, 0x00, 0x00, 0x00, 0x00, 0x00, 0x00, 0x00, 0x00, 0x00, 0x00, 0x00, 0x00, 0x00, 
  0x00, 0x00, 0x00, 0x00, 0x00, 0x00, 0x00, 0x00, 0x00, 0x00, 0x00, 0x00, 0x00, 0x00, 0x00, 0x00, 
},
/* "〇", 138 */
{
  0x00, 0x00, 0x00, 0x00, 0x00, 0x00, 0x00, 0x00, 0x00, 0x00, 0x00, 0x00, 0x00, 0x00, 0x00, 0x00, 
  0x00, 0xF8, 0x0F, 0x00, 0x00, 0xFE, 0x3F, 0x00, 0x00, 0x0F, 0xF8, 0x00, 0xC0, 0x03, 0xE0, 0x01, 
  0xC0, 0x01, 0xC0, 0x03, 0xE0, 0x00, 0x80, 0x03, 0x70, 0x00, 0x00, 0x07, 0x30, 0x00, 0x00, 0x07, 
  0x38, 0x00, 0x00, 0x06, 0x38, 0x00, 0x00, 0x0E, 0x38, 0x00, 0x00, 0x0E, 0x38, 0x00, 0x00, 0x0E, 
  0x38, 0x00, 0x00, 0x0E, 0x38, 0x00, 0x00, 0x0E, 0x38, 0x00, 0x00, 0x0E, 0x30, 0x00, 0x00, 0x06, 
  0x70, 0x00, 0x00, 0x07, 0x70, 0x00, 0x00, 0x07, 0xE0, 0x00, 0x80, 0x03, 0xC0, 0x01, 0xC0, 0x01, 
  0x80, 0x07, 0xF0, 0x00, 0x00, 0x7F, 0x7E, 0x00, 0x00, 0xFE, 0x3F, 0x00, 0x00, 0xF0, 0x07, 0x00, 
  0x00, 0x00, 0x00, 0x00, 0x00, 0x00, 0x00, 0x00, 0x00, 0x00, 0x00, 0x00, 0x00, 0x00, 0x00, 0x00, 
},
/* "粤", 139 */
{
  0x00, 0x00, 0x00, 0x00, 0x00, 0x00, 0x00, 0x00, 0x00, 0xC0, 0x00, 0x00, 0x00, 0xC0, 0x00, 0x00, 
  0x00, 0x20, 0x30, 0x00, 0x00, 0xD0, 0xFF, 0x00, 0x00, 0x2E, 0xE4, 0x00, 0x00, 0x82, 0x64, 0x00, 
  0x00, 0xA2, 0x62, 0x00, 0x00, 0x82, 0x66, 0x00, 0x00, 0xF2, 0x21, 0x00, 0x00, 0xC2, 0x23, 0x00, 
  0x00, 0xA2, 0x26, 0x00, 0x00, 0x96, 0x30, 0x00, 0x00, 0x8E, 0x30, 0x00, 0x00, 0xFE, 0x1F, 0x00, 
  0x00, 0x00, 0x10, 0x00, 0x00, 0x00, 0xFC, 0x0F, 0xC0, 0xFF, 0xFF, 0x1F, 0x78, 0x30, 0x00, 0x00, 
  0x00, 0x10, 0x0E, 0x00, 0x00, 0xF8, 0x3D, 0x00, 0x00, 0x0C, 0x18, 0x00, 0x00, 0x00, 0x18, 0x00, 
  0x00, 0x00, 0x18, 0x00, 0x00, 0x00, 0x0C, 0x00, 0x00, 0x00, 0x0C, 0x00, 0x00, 0xC0, 0x07, 0x00, 
  0x00, 0x80, 0x07, 0x00, 0x00, 0x00, 0x03, 0x00, 0x00, 0x00, 0x00, 0x00, 0x00, 0x00, 0x00, 0x00, 
},
/* "嵌", 140 */
{
  0x00, 0x00, 0x00, 0x00, 0x00, 0x00, 0x00, 0x00, 0x00, 0x20, 0x00, 0x00, 0x00, 0xC0, 0x00, 0x00, 
  0x00, 0xC0, 0x20, 0x00, 0x00, 0xC0, 0xE0, 0x00, 0x00, 0xC1, 0x60, 0x00, 0x00, 0xC3, 0x20, 0x00, 
  0x00, 0xC2, 0x3F, 0x00, 0x00, 0x7E, 0x00, 0x00, 0x00, 0x07, 0x04, 0x00, 0x00, 0x03, 0x0C, 0x00, 
  0x00, 0x1C, 0x0C, 0x00, 0x00, 0x18, 0x84, 0x00, 0xE0, 0x18, 0xE6, 0x03, 0x40, 0x08, 0xDA, 0x01, 
  0x40, 0x7C, 0xC3, 0x00, 0xF0, 0x0B, 0x03, 0x00, 0x5E, 0x08, 0x0C, 0x00, 0x40, 0x08, 0x04, 0x00, 
  0x40, 0x08, 0x04, 0x00, 0xC0, 0x09, 0x0E, 0x00, 0x40, 0x08, 0x12, 0x00, 0x40, 0x08, 0x63, 0x00, 
  0x40, 0x0A, 0xE1, 0x00, 0xC0, 0x8F, 0xC0, 0x03, 0x40, 0x4C, 0x80, 0x1F, 0x00, 0x38, 0x00, 0x07, 
  0x00, 0x00, 0x00, 0x00, 0x00, 0x00, 0x00, 0x00, 0x00, 0x00, 0x00, 0x00, 0x00, 0x00, 0x00, 0x00, 
},
/* "科", 141 */
{
  0x00, 0x00, 0x00, 0x00, 0x00, 0x00, 0x00, 0x00, 0x00, 0x00, 0x00, 0x00, 0x00, 0x00, 0xE0, 0x00, 
  0x00, 0x30, 0xE0, 0x00, 0x00, 0x38, 0xC0, 0x00, 0x00, 0x0C, 0x40, 0x00, 0x00, 0x03, 0x40, 0x00, 
  0x80, 0x07, 0x4E, 0x00, 0x00, 0x04, 0x4C, 0x00, 0x00, 0x04, 0x40, 0x00, 0x00, 0x74, 0x40, 0x00, 
  0x00, 0x0F, 0x47, 0x00, 0xF8, 0x07, 0x46, 0x00, 0x3C, 0x06, 0x44, 0x00, 0x00, 0x07, 0x40, 0x3E, 
  0x80, 0x3D, 0xF0, 0x07, 0x80, 0xC4, 0x5F, 0x00, 0x40, 0x04, 0x40, 0x00, 0x60, 0x04, 0x40, 0x00, 
  0x10, 0x04, 0x40, 0x00, 0x08, 0x04, 0x40, 0x00, 0x04, 0x06, 0x40, 0x00, 0x00, 0x06, 0x40, 0x00, 
  0x00, 0x06, 0x40, 0x00, 0x00, 0x06, 0x40, 0x00, 0x00, 0x06, 0x40, 0x00, 0x00, 0x04, 0x40, 0x00, 
  0x00, 0x00, 0x40, 0x00, 0x00, 0x00, 0x40, 0x00, 0x00, 0x00, 0x00, 0x00, 0x00, 0x00, 0x00, 0x00, 
},
/* "技", 142 */
{
  0x00, 0x00, 0x00, 0x00, 0x00, 0x00, 0x00, 0x00, 0x00, 0x00, 0x00, 0x00, 0x00, 0x06, 0x1C, 0x00, 
  0x00, 0x06, 0x38, 0x00, 0x00, 0x06, 0x18, 0x00, 0x00, 0x06, 0x18, 0x00, 0x00, 0x06, 0x18, 0x00, 
  0x00, 0x06, 0xD8, 0x01, 0x00, 0x02, 0xF8, 0x01, 0x00, 0x9E, 0x3F, 0x00, 0xE0, 0x0F, 0x08, 0x00, 
  0xE0, 0x02, 0x08, 0x00, 0x00, 0x02, 0x08, 0x00, 0x00, 0x12, 0x68, 0x00, 0x00, 0x0E, 0xFC, 0x00, 
  0x00, 0xC6, 0x63, 0x00, 0x00, 0x03, 0x60, 0x00, 0xC0, 0x82, 0x61, 0x00, 0x70, 0x02, 0x23, 0x00, 
  0x3C, 0x06, 0x36, 0x00, 0x18, 0x06, 0x3C, 0x00, 0x00, 0x06, 0x18, 0x00, 0x00, 0x06, 0x7C, 0x00, 
  0x00, 0x06, 0xE7, 0x00, 0x80, 0xC7, 0xC1, 0x07, 0x00, 0x23, 0x80, 0x3F, 0x00, 0x02, 0x00, 0x00, 
  0x00, 0x00, 0x00, 0x00, 0x00, 0x00, 0x00, 0x00, 0x00, 0x00, 0x00, 0x00, 0x00, 0x00, 0x00, 0x00, 
},
};
